Market,ENI,City,Area,GDP,PerCapita,Log_GDP,Log_PerCapita
10100,-0.275467203,"Aberdeen, SD",NA,NA,NA,NA,NA
10140,-0.209070244,"Aberdeen, WA",NA,NA,NA,NA,NA
10180,0.312845411,"Abilene, TX","Abilene, TX (Metropolitan Statistical Area)",6875,40809.66373,3.837272703,4.610763016
10220,-0.88361247,"Ada, OK",NA,NA,NA,NA,NA
10300,-0.270873773,"Adrian, MI",NA,NA,NA,NA,NA
10420,2.024952132,"Akron, OH","Akron, OH (Metropolitan Statistical Area)",32810,46581.62432,4.51600623,4.668214628
10460,-0.598256676,"Alamogordo, NM",NA,NA,NA,NA,NA
10500,0.260180189,"Albany, GA","Albany, GA (Metropolitan Statistical Area)",5101,32877.01252,3.707655324,4.516892347
10540,-0.017274044,"Albany-Lebanon, OR","Albany, OR (Metropolitan Statistical Area)",3440,28861.96597,3.536558443,4.46032591
10580,1.754985226,"Albany-Schenectady-Troy, NY","Albany-Schenectady-Troy, NY (Metropolitan Statistical Area)",48922,55607.39962,4.689504203,4.745132587
10620,-0.5448662,"Albemarle, NC",NA,NA,NA,NA,NA
10660,-0.793511568,"Albert Lea, MN",NA,NA,NA,NA,NA
10700,-0.352249183,"Albertville, AL",NA,NA,NA,NA,NA
10740,1.667980291,"Albuquerque, NM","Albuquerque, NM (Metropolitan Statistical Area)",41684,46128.07058,4.619969387,4.66396529
10780,0.19135618,"Alexandria, LA","Alexandria, LA (Metropolitan Statistical Area)",5322,34366.30268,3.72607487,4.536132811
10820,-0.497258315,"Alexandria, MN",NA,NA,NA,NA,NA
10860,-0.721861692,"Alice, TX",NA,NA,NA,NA,NA
10900,1.677851712,"Allentown-Bethlehem-Easton, PA-NJ","Allentown-Bethlehem-Easton, PA-NJ (Metropolitan Statistical Area)",35335,42549.11783,4.548205096,4.62889056
10940,-1.048544824,"Alma, MI",NA,NA,NA,NA,NA
10980,-0.903800543,"Alpena, MI",NA,NA,NA,NA,NA
11020,0.150326455,"Altoona, PA","Altoona, PA (Metropolitan Statistical Area)",4922,39057.60243,3.692141609,4.59170558
11060,-1.099253986,"Altus, OK",NA,NA,NA,NA,NA
11100,0.868257296,"Amarillo, TX","Amarillo, TX (Metropolitan Statistical Area)",12030,46117.04452,4.080265627,4.663861467
11140,-1.097818323,"Americus, GA",NA,NA,NA,NA,NA
11180,-0.077165125,"Ames, IA","Ames, IA (Metropolitan Statistical Area)",4761,49923.4528,3.677698181,4.698304614
11220,-0.70283196,"Amsterdam, NY",NA,NA,NA,NA,NA
11260,1.325233177,"Anchorage, AK","Anchorage, AK (Metropolitan Statistical Area)",30972,77697.08373,4.490969251,4.890404718
11380,-0.889980357,"Andrews, TX",NA,NA,NA,NA,NA
11420,-0.475127216,"Angola, IN",NA,NA,NA,NA,NA
11460,1.30815591,"Ann Arbor, MI","Ann Arbor, MI (Metropolitan Statistical Area)",20347,56680.03789,4.308500385,4.753430132
11500,-0.240411,"Anniston-Oxford-Jacksonville, AL","Anniston-Oxford-Jacksonville, AL (Metropolitan Statistical Area)",3753,32398.97442,3.574378564,4.510531263
11540,1.033355092,"Appleton, WI","Appleton, WI (Metropolitan Statistical Area)",11803,50979.37588,4.071992407,4.707394514
11580,-1.150419228,"Arcadia, FL",NA,NA,NA,NA,NA
11620,-0.49206027,"Ardmore, OK",NA,NA,NA,NA,NA
11660,-1.121171742,"Arkadelphia, AR",NA,NA,NA,NA,NA
11680,-0.778493403,"Arkansas City-Winfield, KS",NA,NA,NA,NA,NA
11700,1.041221108,"Asheville, NC","Asheville, NC (Metropolitan Statistical Area)",15792,35788.58627,4.198437135,4.553744543
11740,-0.591045489,"Ashland, OH",NA,NA,NA,NA,NA
11780,-0.296806894,"Ashtabula, OH",NA,NA,NA,NA,NA
11820,-0.196778478,"Astoria, OR",NA,NA,NA,NA,NA
11860,-1.160403573,"Atchison, KS",NA,NA,NA,NA,NA
11900,-0.544354896,"Athens, OH",NA,NA,NA,NA,NA
11940,-0.868332663,"Athens, TN",NA,NA,NA,NA,NA
11980,-0.697384536,"Athens, TX",NA,NA,NA,NA,NA
12020,0.325170336,"Athens-Clarke County, GA","Athens-Clarke County, GA (Metropolitan Statistical Area)",7650,38483.40183,3.883661435,4.585273456
12060,3.07790285,"Atlanta-Sandy Springs-Roswell, GA","Atlanta-Sandy Springs-Roswell, GA (Metropolitan Statistical Area)",322054,57450.49962,5.507928698,4.75929381
12100,0.741659188,"Atlantic City-Hammonton, NJ","Atlantic City-Hammonton, NJ (Metropolitan Statistical Area)",13274,48319.16714,4.123001813,4.68411944
12140,-0.652629915,"Auburn, IN",NA,NA,NA,NA,NA
12180,-0.481524156,"Auburn, NY",NA,NA,NA,NA,NA
12220,0.099096388,"Auburn-Opelika, AL","Auburn-Opelika, AL (Metropolitan Statistical Area)",4721,30600.80245,3.674034,4.485732815
12260,0.869145504,"Augusta-Richmond County, GA-SC","Augusta-Richmond County, GA-SC (Metropolitan Statistical Area)",21458,36777.03089,4.331589241,4.565576665
12300,0.453464579,"Augusta-Waterville, ME",NA,NA,NA,NA,NA
12380,-0.534490299,"Austin, MN",NA,NA,NA,NA,NA
12420,2.329829571,"Austin-Round Rock, TX","Austin-Round Rock, TX (Metropolitan Statistical Area)",113881,58659.54737,5.056451272,4.768338708
12460,-1.097576669,"Bainbridge, GA",NA,NA,NA,NA,NA
12540,1.274898027,"Bakersfield, CA","Bakersfield, CA (Metropolitan Statistical Area)",38347,43968.95904,4.583731393,4.643146184
12580,2.415378142,"Baltimore-Columbia-Towson, MD","Baltimore-Columbia-Towson, MD (Metropolitan Statistical Area)",174437,62651.25236,5.241638609,4.796929757
12620,0.381973529,"Bangor, ME","Bangor, ME (Metropolitan Statistical Area)",5688,37055.37459,3.754959588,4.568851208
12660,-0.139286253,"Baraboo, WI",NA,NA,NA,NA,NA
12680,-0.687265299,"Bardstown, KY",NA,NA,NA,NA,NA
12700,0.887058944,"Barnstable Town, MA","Barnstable Town, MA (Metropolitan Statistical Area)",10468,48720.55032,4.019863714,4.687712185
12740,0.335396953,"Barre, VT",NA,NA,NA,NA,NA
12780,-0.887701911,"Bartlesville, OK",NA,NA,NA,NA,NA
12820,-1.107315396,"Bastrop, LA",NA,NA,NA,NA,NA
12860,-0.440032811,"Batavia, NY",NA,NA,NA,NA,NA
12900,-1.041781739,"Batesville, AR",NA,NA,NA,NA,NA
12940,1.602234755,"Baton Rouge, LA","Baton Rouge, LA (Metropolitan Statistical Area)",51038,61852.62163,4.707893648,4.791358112
12980,0.288162639,"Battle Creek, MI","Battle Creek, MI (Metropolitan Statistical Area)",5480,40599.81034,3.738780558,4.608524005
13020,-0.138228726,"Bay City, MI","Bay City, MI (Metropolitan Statistical Area)",3100,29181.41426,3.491361694,4.465106336
13060,-0.942841767,"Bay City, TX",NA,NA,NA,NA,NA
13100,-1.080458343,"Beatrice, NE",NA,NA,NA,NA,NA
13140,0.925897552,"Beaumont-Port Arthur, TX","Beaumont-Port Arthur, TX (Metropolitan Statistical Area)",23904,58962.96808,4.37847058,4.770579337
13180,-0.374699621,"Beaver Dam, WI",NA,NA,NA,NA,NA
13220,-0.118080188,"Beckley, WV","Beckley, WV (Metropolitan Statistical Area)",4654,37690.31422,3.667826379,4.576229758
13260,-0.605790451,"Bedford, IN",NA,NA,NA,NA,NA
13300,-1.10580383,"Beeville, TX",NA,NA,NA,NA,NA
13340,-0.797760748,"Bellefontaine, OH",NA,NA,NA,NA,NA
13380,0.863156841,"Bellingham, WA","Bellingham, WA (Metropolitan Statistical Area)",9626,46206.64827,3.983445857,4.664704467
13420,-0.264110534,"Bemidji, MN",NA,NA,NA,NA,NA
13460,0.822184876,"Bend-Redmond, OR","Bend-Redmond, OR (Metropolitan Statistical Area)",6718,39472.83378,3.82724,4.596298306
13500,-1.426270425,"Bennettsville, SC",NA,NA,NA,NA,NA
13540,-0.117643126,"Bennington, VT",NA,NA,NA,NA,NA
13620,-0.67021074,"Berlin, NH-VT",NA,NA,NA,NA,NA
13660,-0.988193002,"Big Rapids, MI",NA,NA,NA,NA,NA
13700,-0.831287325,"Big Spring, TX",NA,NA,NA,NA,NA
13720,-0.750743518,"Big Stone Gap, VA",NA,NA,NA,NA,NA
13740,0.812314388,"Billings, MT","Billings, MT (Metropolitan Statistical Area)",9480,56855.32479,3.976808337,4.754771145
13780,0.738749035,"Binghamton, NY","Binghamton, NY (Metropolitan Statistical Area)",9159,37011.74322,3.961848059,4.56833954
13820,1.829668359,"Birmingham-Hoover, AL","Birmingham-Hoover, AL (Metropolitan Statistical Area)",61864,54182.30387,4.791437997,4.733857468
13900,0.27665934,"Bismarck, ND","Bismarck, ND (Metropolitan Statistical Area)",7525,59366.96278,3.876506504,4.773544831
13940,-0.382959927,"Blackfoot, ID",NA,NA,NA,NA,NA
13980,-0.051839861,"Blacksburg-Christiansburg-Radford, VA","Blacksburg-Christiansburg-Radford, VA (Metropolitan Statistical Area)",6520,35936.92298,3.814247596,4.555540889
14010,0.341165348,"Bloomington, IL","Bloomington, IL (Metropolitan Statistical Area)",11129,58547.18391,4.046456142,4.767506011
14020,0.217333069,"Bloomington, IN","Bloomington, IN (Metropolitan Statistical Area)",6407,38956.38004,3.806654724,4.590578594
14100,-0.208995152,"Bloomsburg-Berwick, PA","Bloomsburg-Berwick, PA (Metropolitan Statistical Area)",3630,42522.78425,3.559906625,4.628621693
14140,-0.184937594,"Bluefield, WV-VA",NA,NA,NA,NA,NA
14180,-1.105548156,"Blytheville, AR",NA,NA,NA,NA,NA
14220,-0.960876011,"Bogalusa, LA",NA,NA,NA,NA,NA
14260,1.48500792,"Boise City-Nampa, ID","Boise City, ID (Metropolitan Statistical Area)",28921,43554.14865,4.461213305,4.639029529
14340,-1.259307143,"Boone, IA",NA,NA,NA,NA,NA
14380,-0.333937027,"Boone, NC",NA,NA,NA,NA,NA
14420,-0.965056919,"Borger, TX",NA,NA,NA,NA,NA
14460,3.486841977,"Boston-Cambridge-Newton, MA-NH","Boston-Cambridge-Newton, MA-NH (Metropolitan Statistical Area)",378983,80043.53381,5.578619729,4.903326254
14500,1.931555771,"Boulder, CO","Boulder, CO (Metropolitan Statistical Area)",22243,71017.61152,4.347193362,4.851366062
14540,0.327182328,"Bowling Green, KY","Bowling Green, KY (Metropolitan Statistical Area)",6278,37832.49569,3.797821311,4.577864991
14580,0.719595984,"Bozeman, MT",NA,NA,NA,NA,NA
14620,-0.917461564,"Bradford, PA",NA,NA,NA,NA,NA
14660,0.073337409,"Brainerd, MN",NA,NA,NA,NA,NA
14700,0.324084644,"Branson, MO",NA,NA,NA,NA,NA
14720,0.30137531,"Breckenridge, CO",NA,NA,NA,NA,NA
14740,0.647904359,"Bremerton-Silverdale, WA","Bremerton-Silverdale, WA (Metropolitan Statistical Area)",9806,38565.00126,3.991491889,4.58619335
14780,-0.79689612,"Brenham, TX",NA,NA,NA,NA,NA
14820,-0.564744663,"Brevard, NC",NA,NA,NA,NA,NA
14860,2.433671868,"Bridgeport-Stamford-Norwalk, CT","Bridgeport-Stamford-Norwalk, CT (Metropolitan Statistical Area)",97863,103702.9266,4.990618525,5.015791013
15020,-1.102271821,"Brookhaven, MS",NA,NA,NA,NA,NA
15060,-0.652649931,"Brookings, OR",NA,NA,NA,NA,NA
15100,-0.516949884,"Brookings, SD",NA,NA,NA,NA,NA
15180,0.935190554,"Brownsville-Harlingen, TX","Brownsville-Harlingen, TX (Metropolitan Statistical Area)",9211,21973.2771,3.964306782,4.341894833
15220,-0.924805723,"Brownwood, TX",NA,NA,NA,NA,NA
15260,0.159250979,"Brunswick, GA","Brunswick, GA (Metropolitan Statistical Area)",3508,30570.8061,3.545059585,4.48530689
15340,-0.744169671,"Bucyrus, OH",NA,NA,NA,NA,NA
15380,1.903796302,"Buffalo-Cheektowaga-Niagara Falls, NY","Buffalo-Cheektowaga-Niagara Falls, NY (Metropolitan Statistical Area)",54535,47956.09513,4.736675317,4.680843813
15420,-0.776835407,"Burley, ID",NA,NA,NA,NA,NA
15460,-0.557396115,"Burlington, IA-IL",NA,NA,NA,NA,NA
15500,0.294324386,"Burlington, NC","Burlington, NC (Metropolitan Statistical Area)",4849,31076.16191,3.685652184,4.492427376
15540,1.036507539,"Burlington-South Burlington, VT","Burlington-South Burlington, VT (Metropolitan Statistical Area)",12614,58253.32391,4.100852827,4.765320711
15580,-0.436211925,"Butte-Silver Bow, MT",NA,NA,NA,NA,NA
15620,-0.707006941,"Cadillac, MI",NA,NA,NA,NA,NA
15660,-0.028130285,"Calhoun, GA",NA,NA,NA,NA,NA
15680,-0.317999785,"California-Lexington Park, MD","California-Lexington Park, MD (Metropolitan Statistical Area)",5871,53139.39701,3.76871208,4.725416622
15700,-0.676304461,"Cambridge, MD",NA,NA,NA,NA,NA
15740,-0.830414284,"Cambridge, OH",NA,NA,NA,NA,NA
15780,-0.885984254,"Camden, AR",NA,NA,NA,NA,NA
15820,-0.892955811,"Campbellsville, KY",NA,NA,NA,NA,NA
15860,-0.994104302,"Canon City, CO",NA,NA,NA,NA,NA
15900,-0.832201723,"Canton, IL",NA,NA,NA,NA,NA
15940,1.114246537,"Canton-Massillon, OH","Canton-Massillon, OH (Metropolitan Statistical Area)",17451,43222.18397,4.241820319,4.635706708
15980,1.407059845,"Cape Coral-Fort Myers, FL","Cape Coral-Fort Myers, FL (Metropolitan Statistical Area)",23498,34655.36363,4.371030899,4.53977046
16020,0.037839499,"Cape Girardeau, MO-IL","Cape Girardeau, MO-IL (Metropolitan Statistical Area)",3765,38580.16785,3.575764981,4.586364113
16020,0.037839499,"Cape Girardeau-Jackson, MO-IL","Cape Girardeau, MO-IL (Metropolitan Statistical Area)",3765,38580.16785,3.575764981,4.586364113
16060,-0.064884814,"Carbondale-Marion, IL","Carbondale-Marion, IL (Metropolitan Statistical Area)",4769,37657.03592,3.678427322,4.575846133
16100,-0.425314476,"Carlsbad-Artesia, NM",NA,NA,NA,NA,NA
16180,-0.023756586,"Carson City, NV","Carson City, NV (Metropolitan Statistical Area)",2966,54537.09663,3.472171147,4.736692014
16220,0.234662383,"Casper, WY","Casper, WY (Metropolitan Statistical Area)",6561,80570.29178,3.816970038,4.906174936
16260,-0.410291898,"Cedar City, UT",NA,NA,NA,NA,NA
16300,0.943402402,"Cedar Rapids, IA","Cedar Rapids, IA (Metropolitan Statistical Area)",17629,66843.86541,4.246227678,4.825061556
16340,-0.845852951,"Cedartown, GA",NA,NA,NA,NA,NA
16380,-0.509197825,"Celina, OH",NA,NA,NA,NA,NA
16460,-0.760125727,"Centralia, IL",NA,NA,NA,NA,NA
16500,-0.243459394,"Centralia, WA",NA,NA,NA,NA,NA
16540,0.008664434,"Chambersburg-Waynesboro, PA","Chambersburg-Waynesboro, PA (Metropolitan Statistical Area)",4855,31783.75264,3.686189234,4.502205172
16580,0.412934488,"Champaign-Urbana, IL","Champaign-Urbana, IL (Metropolitan Statistical Area)",10698,45179.65437,4.029302594,4.654942904
16620,0.654728895,"Charleston, WV","Charleston, WV (Metropolitan Statistical Area)",14200,63735.14904,4.152288344,4.804379006
16660,-0.469021854,"Charleston-Mattoon, IL",NA,NA,NA,NA,NA
16700,1.40884581,"Charleston-North Charleston, SC","Charleston-North Charleston, SC (Metropolitan Statistical Area)",34164,46991.37721,4.533568713,4.672018173
16740,2.555329568,"Charlotte-Concord-Gastonia, NC-SC","Charlotte-Concord-Gastonia, NC-SC (Metropolitan Statistical Area)",142243,59831.88201,5.153030903,4.776932664
16820,0.834634292,"Charlottesville, VA","Charlottesville, VA (Metropolitan Statistical Area)",11937,52715.95125,4.076895194,4.721942048
16860,1.281452102,"Chattanooga, TN-GA","Chattanooga, TN-GA (Metropolitan Statistical Area)",23083,42440.489,4.363292252,4.627780379
16940,0.176447617,"Cheyenne, WY","Cheyenne, WY (Metropolitan Statistical Area)",5529,57435.80155,3.74264659,4.759182686
16980,3.929063489,"Chicago-Naperville-Elgin, IL-IN-WI","Chicago-Naperville-Elgin, IL-IN-WI (Metropolitan Statistical Area)",608710,63780.05286,5.784410436,4.804684875
17020,0.384106586,"Chico, CA","Chico, CA (Metropolitan Statistical Area)",7125,31811.72815,3.852784869,4.502587262
17060,-0.602869776,"Chillicothe, OH",NA,NA,NA,NA,NA
17140,2.568357141,"Cincinnati-Middletown, OH-KY-IN","Cincinnati, OH-KY-IN (Metropolitan Statistical Area)",122336,56985.70513,5.087554276,4.755765927
17200,0.823820261,"Claremont-Lebanon, NH-VT",NA,NA,NA,NA,NA
17220,-0.286897625,"Clarksburg, WV",NA,NA,NA,NA,NA
17260,-1.014169106,"Clarksdale, MS",NA,NA,NA,NA,NA
17300,0.363575045,"Clarksville, TN-KY","Clarksville, TN-KY (Metropolitan Statistical Area)",10565,38036.57127,4.023869501,4.580201361
17340,-0.53679213,"Clearlake, CA",NA,NA,NA,NA,NA
17380,-1.051706525,"Cleveland, MS",NA,NA,NA,NA,NA
17420,-0.295852399,"Cleveland, TN","Cleveland, TN (Metropolitan Statistical Area)",4402,36792.79189,3.643650038,4.565762744
17460,2.99687033,"Cleveland-Elyria-Mentor, OH","Cleveland-Elyria, OH (Metropolitan Statistical Area)",125602,60857.75115,5.098996555,4.7843159
17500,-1.025473117,"Clewiston, FL",NA,NA,NA,NA,NA
17540,-0.783970776,"Clinton, IA",NA,NA,NA,NA,NA
17580,-0.707729837,"Clovis, NM",NA,NA,NA,NA,NA
17660,0.703771059,"Coeur d'Alene, ID","Coeur d'Alene, ID (Metropolitan Statistical Area)",5020,34081.49687,3.700703717,4.532518661
17700,-0.724104705,"Coffeyville, KS",NA,NA,NA,NA,NA
17740,-0.812578704,"Coldwater, MI",NA,NA,NA,NA,NA
17780,0.391266256,"College Station-Bryan, TX","College Station-Bryan, TX (Metropolitan Statistical Area)",8952,36910.89762,3.951920074,4.567154607
17820,1.396784283,"Colorado Springs, CO","Colorado Springs, CO (Metropolitan Statistical Area)",28559,41629.86027,4.455742996,4.619404953
17860,0.539377195,"Columbia, MO","Columbia, MO (Metropolitan Statistical Area)",8016,46360.45019,3.903957709,4.666147645
17900,1.365483048,"Columbia, SC","Columbia, SC (Metropolitan Statistical Area)",36611,45772.10341,4.563611591,4.66060087
17980,0.536387835,"Columbus, GA-AL","Columbus, GA-AL (Metropolitan Statistical Area)",13377,42597.97662,4.126358727,4.629388971
18020,-0.209796984,"Columbus, IN","Columbus, IN (Metropolitan Statistical Area)",5545,69155.17198,3.74390155,4.839824666
18060,-0.310767886,"Columbus, MS",NA,NA,NA,NA,NA
18100,-0.647536506,"Columbus, NE",NA,NA,NA,NA,NA
18140,2.40805877,"Columbus, OH","Columbus, OH (Metropolitan Statistical Area)",117645,58916.50128,5.070573474,4.770236949
18180,0.63858859,"Concord, NH",NA,NA,NA,NA,NA
18220,-1.054189989,"Connersville, IN",NA,NA,NA,NA,NA
18260,-0.21923748,"Cookeville, TN",NA,NA,NA,NA,NA
18300,-0.29062472,"Coos Bay, OR",NA,NA,NA,NA,NA
18380,-1.238760633,"Cordele, GA",NA,NA,NA,NA,NA
18420,-0.589064552,"Corinth, MS",NA,NA,NA,NA,NA
18460,-1.094097112,"Cornelia, GA",NA,NA,NA,NA,NA
18500,-0.389802922,"Corning, NY",NA,NA,NA,NA,NA
18580,0.990196949,"Corpus Christi, TX","Corpus Christi, TX (Metropolitan Statistical Area)",24381,54409.00144,4.387051514,4.735670755
18620,-0.746819349,"Corsicana, TX",NA,NA,NA,NA,NA
18660,-0.490878087,"Cortland, NY",NA,NA,NA,NA,NA
18700,-0.009808001,"Corvallis, OR","Corvallis, OR (Metropolitan Statistical Area)",4376,50234.18128,3.641077313,4.700999328
18740,-1.043911653,"Coshocton, OH",NA,NA,NA,NA,NA
18780,-0.880993037,"Craig, CO",NA,NA,NA,NA,NA
18820,-0.8853913,"Crawfordsville, IN",NA,NA,NA,NA,NA
18860,-1.023557868,"Crescent City, CA",NA,NA,NA,NA,NA
18880,0.614734203,"Crestview-Fort Walton Beach-Destin, FL","Crestview-Fort Walton Beach-Destin, FL (Metropolitan Statistical Area)",11940,46453.90209,4.077004327,4.6670222
18900,-0.664816683,"Crossville, TN",NA,NA,NA,NA,NA
18980,-0.341259333,"Cullman, AL",NA,NA,NA,NA,NA
19000,-0.750894277,"Cullowhee, NC",NA,NA,NA,NA,NA
19060,-0.286022715,"Cumberland, MD-WV","Cumberland, MD-WV (Metropolitan Statistical Area)",2963,29440.11128,3.471731651,4.468939447
19100,3.308181043,"Dallas-Fort Worth-Arlington, TX","Dallas-Fort Worth-Arlington, TX (Metropolitan Statistical Area)",478572,68906.13675,5.679947286,4.838257902
19140,1.077519773,"Dalton, GA","Dalton, GA (Metropolitan Statistical Area)",5842,40895.18596,3.766561553,4.611672187
19180,-0.492082711,"Danville, IL","Danville, IL (Metropolitan Statistical Area)",2801,35146.49602,3.447313109,4.545882034
19220,-0.782754026,"Danville, KY",NA,NA,NA,NA,NA
19260,-0.35746533,"Danville, VA",NA,NA,NA,NA,NA
19300,0.64215904,"Daphne-Fairhope-Foley, AL","Daphne-Fairhope-Foley, AL (Metropolitan Statistical Area)",6443,32256.12656,3.809088131,4.508612214
19340,1.077520029,"Davenport-Moline-Rock Island, IA-IL","Davenport-Moline-Rock Island, IA-IL (Metropolitan Statistical Area)",19383,50480.24335,4.287420996,4.70312144
19380,1.632983865,"Dayton, OH","Dayton, OH (Metropolitan Statistical Area)",38357,47901.58177,4.583844633,4.680349855
19420,-1.335840466,"Dayton, TN",NA,NA,NA,NA,NA
19460,0.250286652,"Decatur, AL","Decatur, AL (Metropolitan Statistical Area)",5510,36005.07077,3.741151599,4.556363669
19500,-0.068206167,"Decatur, IL","Decatur, IL (Metropolitan Statistical Area)",6161,56794.4026,3.789651209,4.754305536
19540,-0.583875452,"Decatur, IN",NA,NA,NA,NA,NA
19580,-0.886733847,"Defiance, OH",NA,NA,NA,NA,NA
19620,-0.835980728,"Del Rio, TX",NA,NA,NA,NA,NA
19660,1.160921678,"Deltona-Daytona Beach-Ormond Beach, FL","Deltona-Daytona Beach-Ormond Beach, FL (Metropolitan Statistical Area)",14340,23493.40743,4.156549151,4.37094601
19700,-1.524238633,"Deming, NM",NA,NA,NA,NA,NA
19740,2.622434545,"Denver-Aurora-Lakewood, CO","Denver-Aurora-Lakewood, CO (Metropolitan Statistical Area)",188174,68366.42345,5.274559617,4.834842861
19760,-1.08372807,"DeRidder, LA",NA,NA,NA,NA,NA
19760,-1.08372807,"De Ridder, LA",NA,NA,NA,NA,NA
19780,1.505881473,"Des Moines-West Des Moines, IA","Des Moines-West Des Moines, IA (Metropolitan Statistical Area)",44686,73028.27259,4.650171481,4.863491028
19820,3.080998013,"Detroit-Warren-Dearborn, MI","Detroit-Warren-Dearborn, MI (Metropolitan Statistical Area)",233201,54238.94619,5.367730408,4.734311243
19860,-0.388472304,"Dickinson, ND",NA,NA,NA,NA,NA
19940,-1.135942312,"Dixon, IL",NA,NA,NA,NA,NA
19980,-0.819133431,"Dodge City, KS",NA,NA,NA,NA,NA
20020,0.283911765,"Dothan, AL","Dothan, AL (Metropolitan Statistical Area)",4912,33184.48058,3.691258358,4.520935024
20060,-0.966274978,"Douglas, GA",NA,NA,NA,NA,NA
20100,0.086506555,"Dover, DE","Dover, DE (Metropolitan Statistical Area)",6900,40128.17754,3.838849091,4.603449436
20140,-0.755005917,"Dublin, GA",NA,NA,NA,NA,NA
20180,-0.389221991,"DuBois, PA",NA,NA,NA,NA,NA
20220,0.27632511,"Dubuque, IA","Dubuque, IA (Metropolitan Statistical Area)",5378,55683.25361,3.730620798,4.745724603
20260,0.775943085,"Duluth, MN-WI","Duluth, MN-WI (Metropolitan Statistical Area)",12677,45288.42478,4.10301649,4.655987215
20300,-1.042690736,"Dumas, TX",NA,NA,NA,NA,NA
20340,-0.679184719,"Duncan, OK",NA,NA,NA,NA,NA
20380,-0.3162956,"Dunn, NC",NA,NA,NA,NA,NA
20420,0.237952685,"Durango, CO",NA,NA,NA,NA,NA
20460,-0.763679064,"Durant, OK",NA,NA,NA,NA,NA
20500,1.373033396,"Durham-Chapel Hill, NC","Durham-Chapel Hill, NC (Metropolitan Statistical Area)",43242,79694.79999,4.635905772,4.901429985
20540,-1.200509797,"Dyersburg, TN",NA,NA,NA,NA,NA
20580,-0.503532544,"Eagle Pass, TX",NA,NA,NA,NA,NA
20660,-0.100092407,"Easton, MD",NA,NA,NA,NA,NA
20700,0.030563394,"East Stroudsburg, PA","East Stroudsburg, PA (Metropolitan Statistical Area)",5427,32458.71636,3.734559822,4.511331341
20740,0.492253037,"Eau Claire, WI","Eau Claire, WI (Metropolitan Statistical Area)",7680,46502.89735,3.88536122,4.667480012
20780,0.456259545,"Edwards, CO",NA,NA,NA,NA,NA
20820,-0.622429383,"Effingham, IL",NA,NA,NA,NA,NA
20900,-0.960240649,"El Campo, TX",NA,NA,NA,NA,NA
20940,0.228760554,"El Centro, CA","El Centro, CA (Metropolitan Statistical Area)",5933,33170.08263,3.773274348,4.520746553
20980,-0.636293123,"El Dorado, AR",NA,NA,NA,NA,NA
21020,-0.90698458,"Elizabeth City, NC",NA,NA,NA,NA,NA
21060,-0.111584331,"Elizabethtown-Fort Knox, KY","Elizabethtown-Fort Knox, KY (Metropolitan Statistical Area)",5969,39277.48898,3.775901579,4.594143715
21120,-0.7809023,"Elk City, OK",NA,NA,NA,NA,NA
21140,1.990164051,"Elkhart-Goshen, IN","Elkhart-Goshen, IN (Metropolitan Statistical Area)",13169,65319.50459,4.119552798,4.815042882
21180,-1.039679699,"Elkins, WV",NA,NA,NA,NA,NA
21220,-0.167043055,"Elko, NV",NA,NA,NA,NA,NA
21260,-0.516255207,"Ellensburg, WA",NA,NA,NA,NA,NA
21300,-0.133589265,"Elmira, NY","Elmira, NY (Metropolitan Statistical Area)",3381,38637.35058,3.529045171,4.587007339
21340,1.446130704,"El Paso, TX","El Paso, TX (Metropolitan Statistical Area)",27567,32918.45437,4.440389506,4.517439435
21380,-0.787900129,"Emporia, KS",NA,NA,NA,NA,NA
21420,-0.299095998,"Enid, OK","Enid, OK (Metropolitan Statistical Area)",3213,51130.66726,3.506910726,4.70868146
21460,-0.73915696,"Enterprise, AL",NA,NA,NA,NA,NA
21460,-0.73915696,"Enterprise-Ozark, AL",NA,NA,NA,NA,NA
21500,0.887564274,"Erie, PA","Erie, PA (Metropolitan Statistical Area)",10598,37951.52032,4.025223915,4.579229178
21540,-0.619637306,"Escanaba, MI",NA,NA,NA,NA,NA
21580,-0.655096097,"Espanola, NM",NA,NA,NA,NA,NA
21660,1.212459797,"Eugene-Springfield, OR","Eugene, OR (Metropolitan Statistical Area)",13588,37908.50403,4.133155538,4.578736646
21700,0.299448008,"Eureka-Arcata-Fortuna, CA",NA,NA,NA,NA,NA
21740,-0.900717125,"Evanston, WY",NA,NA,NA,NA,NA
21780,0.960901589,"Evansville, IN-KY","Evansville, IN-KY (Metropolitan Statistical Area)",16987,53888.15044,4.230116687,4.731493278
21820,0.309671572,"Fairbanks, AK","Fairbanks, AK (Metropolitan Statistical Area)",5466,55048.08903,3.737669627,4.740742247
21840,-0.417716614,"Fairfield, IA",NA,NA,NA,NA,NA
21900,-0.51434938,"Fairmont, WV",NA,NA,NA,NA,NA
21980,-1.122077316,"Fallon, NV",NA,NA,NA,NA,NA
22020,0.831307309,"Fargo, ND-MN","Fargo, ND-MN (Metropolitan Statistical Area)",14842,64976.22821,4.171492427,4.812754497
22060,-0.369570364,"Faribault-Northfield, MN",NA,NA,NA,NA,NA
22100,-0.563750371,"Farmington, MO",NA,NA,NA,NA,NA
22140,-0.017002408,"Farmington, NM","Farmington, NM (Metropolitan Statistical Area)",7306,58893.23284,3.863679668,4.770065395
22180,0.487718649,"Fayetteville, NC","Fayetteville, NC (Metropolitan Statistical Area)",16745,44297.88709,4.223885152,4.646383012
22220,1.262395957,"Fayetteville-Springdale-Rogers, AR-MO","Fayetteville-Springdale-Rogers, AR-MO (Metropolitan Statistical Area)",24499,48764.70963,4.389148358,4.688105643
22260,-0.428610736,"Fergus Falls, MN",NA,NA,NA,NA,NA
22280,-0.537470516,"Fernley, NV",NA,NA,NA,NA,NA
22300,-0.176682802,"Findlay, OH",NA,NA,NA,NA,NA
22340,-1.443600281,"Fitzgerald, GA",NA,NA,NA,NA,NA
22380,0.399123405,"Flagstaff, AZ","Flagstaff, AZ (Metropolitan Statistical Area)",5274,38302.04437,3.722140125,4.583221955
22420,0.874986849,"Flint, MI","Flint, MI (Metropolitan Statistical Area)",13133,31813.43611,4.118363944,4.502610579
22500,0.18575977,"Florence, SC","Florence, SC (Metropolitan Statistical Area)",7912,38277.32678,3.898286279,4.5829416
22520,0.159554093,"Florence-Muscle Shoals, AL","Florence-Muscle Shoals, AL (Metropolitan Statistical Area)",4652,31553.52976,3.667639706,4.499047949
22540,0.038161072,"Fond du Lac, WI","Fond du Lac, WI (Metropolitan Statistical Area)",4507,44178.47831,3.653887558,4.645210753
22580,-0.724642827,"Forest City, NC",NA,NA,NA,NA,NA
22620,-1.323814219,"Forrest City, AR",NA,NA,NA,NA,NA
22660,1.079104723,"Fort Collins-Loveland, CO","Fort Collins, CO (Metropolitan Statistical Area)",14371,44258.08955,4.157486989,4.645992663
22700,-0.443263279,"Fort Dodge, IA",NA,NA,NA,NA,NA
22780,-0.73493084,"Fort Leonard Wood, MO",NA,NA,NA,NA,NA
22800,-0.703254615,"Fort Madison-Keokuk, IA-IL-MO",NA,NA,NA,NA,NA
22820,-1.217069066,"Fort Morgan, CO",NA,NA,NA,NA,NA
22860,-0.830149607,"Fort Polk South, LA",NA,NA,NA,NA,NA
22900,0.558189953,"Fort Smith, AR-OK","Fort Smith, AR-OK (Metropolitan Statistical Area)",10771,38472.39139,4.032256026,4.585149182
23060,1.364855556,"Fort Wayne, IN","Fort Wayne, IN (Metropolitan Statistical Area)",20423,47872.4277,4.310119537,4.680085452
23140,-1.005538904,"Frankfort, IN",NA,NA,NA,NA,NA
23180,-0.417359788,"Frankfort, KY",NA,NA,NA,NA,NA
23240,-0.508606918,"Fredericksburg, TX",NA,NA,NA,NA,NA
23300,-0.6093311,"Freeport, IL",NA,NA,NA,NA,NA
23340,-0.682389295,"Fremont, NE",NA,NA,NA,NA,NA
23380,-0.374725795,"Fremont, OH",NA,NA,NA,NA,NA
23420,1.481148183,"Fresno, CA","Fresno, CA (Metropolitan Statistical Area)",37075,38493.44495,4.56908116,4.58538678
23460,-0.081393147,"Gadsden, AL","Gadsden, AL (Metropolitan Statistical Area)",2813,27212.66119,3.449169732,4.434771015
23500,-0.575551915,"Gaffney, SC",NA,NA,NA,NA,NA
23540,0.638469158,"Gainesville, FL","Gainesville, FL (Metropolitan Statistical Area)",11585,42473.39226,4.063896038,4.628116949
23580,0.50083575,"Gainesville, GA","Gainesville, GA (Metropolitan Statistical Area)",7891,41484.63581,3.897132043,4.617887282
23620,-0.635476703,"Gainesville, TX",NA,NA,NA,NA,NA
23660,-0.635150788,"Galesburg, IL",NA,NA,NA,NA,NA
23700,-0.394315962,"Gallup, NM",NA,NA,NA,NA,NA
23780,-0.783013717,"Garden City, KS",NA,NA,NA,NA,NA
23820,-0.002633364,"Gardnerville Ranchos, NV",NA,NA,NA,NA,NA
23860,-0.226034572,"Georgetown, SC",NA,NA,NA,NA,NA
23900,-0.205740779,"Gettysburg, PA","Gettysburg, PA (Metropolitan Statistical Area)",3057,30085.02933,3.485295439,4.478350439
23940,-0.345628345,"Gillette, WY",NA,NA,NA,NA,NA
23980,-0.456771197,"Glasgow, KY",NA,NA,NA,NA,NA
24020,0.199312767,"Glens Falls, NY","Glens Falls, NY (Metropolitan Statistical Area)",4629,36356.06798,3.665487181,4.560576907
24060,0.471546151,"Glenwood Springs, CO",NA,NA,NA,NA,NA
24100,-0.411653102,"Gloversville, NY",NA,NA,NA,NA,NA
24140,-0.346965985,"Goldsboro, NC","Goldsboro, NC (Metropolitan Statistical Area)",4317,34651.59773,3.635182049,4.539723264
24220,0.066107514,"Grand Forks, ND-MN","Grand Forks, ND-MN (Metropolitan Statistical Area)",4779,47036.01272,3.679337031,4.672430499
24260,-0.213711336,"Grand Island, NE","Grand Island, NE (Metropolitan Statistical Area)",3999,47288.50838,3.601951404,4.674755615
24300,0.438642243,"Grand Junction, CO","Grand Junction, CO (Metropolitan Statistical Area)",5447,36928.31284,3.736157375,4.567359466
24340,2.222205228,"Grand Rapids-Wyoming, MI","Grand Rapids-Wyoming, MI (Metropolitan Statistical Area)",51346,49882.44895,4.710506616,4.697947767
24380,-1.235673488,"Grants, NM",NA,NA,NA,NA,NA
24420,-0.192917071,"Grants Pass, OR","Grants Pass, OR (Metropolitan Statistical Area)",1887,22570.6904,3.2757719,4.353544844
24460,-0.670624126,"Great Bend, KS",NA,NA,NA,NA,NA
24500,-0.012983673,"Great Falls, MT","Great Falls, MT (Metropolitan Statistical Area)",3299,40116.25079,3.518382316,4.603320338
24540,0.636674766,"Greeley, CO","Greeley, CO (Metropolitan Statistical Area)",10172,36833.31945,4.007406352,4.56624086
24580,1.153286959,"Green Bay, WI","Green Bay, WI (Metropolitan Statistical Area)",17917,56953.49503,4.253265294,4.75552038
24620,-0.629967683,"Greeneville, TN",NA,NA,NA,NA,NA
24640,-0.121401862,"Greenfield Town, MA",NA,NA,NA,NA,NA
24660,1.974312418,"Greensboro-High Point, NC","Greensboro-High Point, NC (Metropolitan Statistical Area)",38402,51421.79206,4.584353843,4.711147208
24700,-1.001177618,"Greensburg, IN",NA,NA,NA,NA,NA
24740,-0.643741399,"Greenville, MS",NA,NA,NA,NA,NA
24780,0.179891543,"Greenville, NC","Greenville, NC (Metropolitan Statistical Area)",7304,41712.11559,3.863560765,4.620262217
24820,-0.72292791,"Greenville, OH",NA,NA,NA,NA,NA
24860,1.79353037,"Greenville-Anderson-Mauldin, SC","Greenville-Anderson-Mauldin, SC (Metropolitan Statistical Area)",36251,42097.54982,4.559319991,4.62425682
24900,-0.773294945,"Greenwood, MS",NA,NA,NA,NA,NA
24940,-0.540505613,"Greenwood, SC",NA,NA,NA,NA,NA
24980,-1.232254755,"Grenada, MS",NA,NA,NA,NA,NA
25060,0.623499416,"Gulfport-Biloxi-Pascagoula, MS","Gulfport-Biloxi-Pascagoula, MS (Metropolitan Statistical Area)",16232,42043.09988,4.210372034,4.62369473
25100,-1.313434776,"Guymon, OK",NA,NA,NA,NA,NA
25180,0.441895239,"Hagerstown-Martinsburg, MD-WV","Hagerstown-Martinsburg, MD-WV (Metropolitan Statistical Area)",8653,33319.59938,3.937166704,4.522699771
25200,0.474035868,"Hailey, ID",NA,NA,NA,NA,NA
25220,-0.080223696,"Hammond, LA","Hammond, LA (Metropolitan Statistical Area)",3767,29655.81307,3.57599562,4.472109836
25260,-0.377998077,"Hanford-Corcoran, CA","Hanford-Corcoran, CA (Metropolitan Statistical Area)",5264,35170.94388,3.721315881,4.546184024
25300,-1.046014539,"Hannibal, MO",NA,NA,NA,NA,NA
25420,1.255362519,"Harrisburg-Carlisle, PA","Harrisburg-Carlisle, PA (Metropolitan Statistical Area)",32544,57995.70521,4.512470931,4.763395834
25460,-0.591251615,"Harrison, AR",NA,NA,NA,NA,NA
25500,-0.026412982,"Harrisonburg, VA","Harrisonburg, VA (Metropolitan Statistical Area)",7440,57026.78879,3.871572936,4.756078917
25540,2.433047668,"Hartford-West Hartford-East Hartford, CT","Hartford-West Hartford-East Hartford, CT (Metropolitan Statistical Area)",83544,68898.23359,4.921915265,4.838208088
25580,-0.882148545,"Hastings, NE",NA,NA,NA,NA,NA
25620,-0.035706738,"Hattiesburg, MS","Hattiesburg, MS (Metropolitan Statistical Area)",5468,36907.29304,3.737828506,4.567112193
25700,-0.471653843,"Hays, KS",NA,NA,NA,NA,NA
25720,-0.515921122,"Heber, UT",NA,NA,NA,NA,NA
25740,0.127394525,"Helena, MT",NA,NA,NA,NA,NA
25760,-0.898892732,"Helena-West Helena, AR",NA,NA,NA,NA,NA
25780,-0.896923852,"Henderson, NC",NA,NA,NA,NA,NA
25820,-1.21076604,"Hereford, TX",NA,NA,NA,NA,NA
25840,-0.341392517,"Hermiston-Pendleton, OR",NA,NA,NA,NA,NA
25860,1.315378749,"Hickory-Lenoir-Morganton, NC","Hickory-Lenoir-Morganton, NC (Metropolitan Statistical Area)",12247,33770.6672,4.088029718,4.528539641
25880,-0.732944864,"Hillsdale, MI",NA,NA,NA,NA,NA
25900,0.72782217,"Hilo, HI",NA,NA,NA,NA,NA
25940,0.497534898,"Hilton Head Island-Bluffton-Beaufort, SC","Hilton Head Island-Bluffton-Beaufort, SC (Metropolitan Statistical Area)",7722,38194.44444,3.887729797,4.582000197
25980,-0.755239269,"Hinesville-Fort Stewart, GA","Hinesville, GA (Metropolitan Statistical Area)",3419,41530.51928,3.533899101,4.618367361
26020,-0.415151247,"Hobbs, NM",NA,NA,NA,NA,NA
26090,0.145000629,"Holland, MI",NA,NA,NA,NA,NA
26140,-0.111247589,"Homosassa Springs, FL","Homosassa Springs, FL (Metropolitan Statistical Area)",2938,21096.62224,3.468051791,4.324212926
26220,-0.367587845,"Hood River, OR",NA,NA,NA,NA,NA
26300,0.175939372,"Hot Springs, AR","Hot Springs, AR (Metropolitan Statistical Area)",3391,34892.93395,3.53032779,4.542737488
26340,-0.623769399,"Houghton, MI",NA,NA,NA,NA,NA
26380,0.835847917,"Houma-Bayou Cane-Thibodaux, LA","Houma-Thibodaux, LA (Metropolitan Statistical Area)",12846,60767.75704,4.108767918,4.783673207
26420,3.19546242,"Houston-The Woodlands-Sugar Land, TX","Houston-The Woodlands-Sugar Land, TX (Metropolitan Statistical Area)",522028,80459.97208,5.717693798,4.905579878
26460,-0.088079336,"Hudson, NY",NA,NA,NA,NA,NA
26500,-0.691576628,"Huntingdon, PA",NA,NA,NA,NA,NA
26540,-0.605144441,"Huntington, IN",NA,NA,NA,NA,NA
26580,0.693877131,"Huntington-Ashland, WV-KY-OH","Huntington-Ashland, WV-KY-OH (Metropolitan Statistical Area)",14897,41034.27189,4.173098818,4.613146732
26620,1.131534078,"Huntsville, AL","Huntsville, AL (Metropolitan Statistical Area)",23274,52804.12741,4.36687103,4.72266787
26660,-0.805311435,"Huntsville, TX",NA,NA,NA,NA,NA
26700,-1.062845714,"Huron, SD",NA,NA,NA,NA,NA
26740,-0.348720971,"Hutchinson, KS",NA,NA,NA,NA,NA
26780,-0.80045635,"Hutchinson, MN",NA,NA,NA,NA,NA
26820,0.351892186,"Idaho Falls, ID","Idaho Falls, ID (Metropolitan Statistical Area)",5418,39267.12954,3.733839001,4.594029155
26860,-0.465047637,"Indiana, PA",NA,NA,NA,NA,NA
26900,2.274061968,"Indianapolis-Carmel-Anderson, IN","Indianapolis-Carmel-Anderson, IN (Metropolitan Statistical Area)",129001,65447.5257,5.110593077,4.815893232
26940,-0.93125589,"Indianola, MS",NA,NA,NA,NA,NA
26960,-0.7190218,"Ionia, MI",NA,NA,NA,NA,NA
26980,0.121299142,"Iowa City, IA","Iowa City, IA (Metropolitan Statistical Area)",9207,56011.48579,3.964118143,4.748277093
27020,-0.779837017,"Iron Mountain, MI-WI",NA,NA,NA,NA,NA
27060,0.346882985,"Ithaca, NY","Ithaca, NY (Metropolitan Statistical Area)",4683,44814.25482,3.670524158,4.651416179
27100,0.348706626,"Jackson, MI","Jackson, MI (Metropolitan Statistical Area)",5696,35689.89392,3.755569981,4.552545257
27140,1.28194175,"Jackson, MS","Jackson, MS (Metropolitan Statistical Area)",28662,49525.42882,4.457306492,4.694828245
27160,-1.0894528,"Jackson, OH",NA,NA,NA,NA,NA
27180,0.087671188,"Jackson, TN","Jackson, TN (Metropolitan Statistical Area)",5972,45902.44577,3.776119799,4.661835826
27220,0.512888303,"Jackson, WY-ID",NA,NA,NA,NA,NA
27260,1.765511969,"Jacksonville, FL","Jacksonville, FL (Metropolitan Statistical Area)",64232,45241.28993,4.807751445,4.655534979
27300,-0.844028213,"Jacksonville, IL",NA,NA,NA,NA,NA
27340,-0.067537802,"Jacksonville, NC","Jacksonville, NC (Metropolitan Statistical Area)",7772,41953.66312,3.890532792,4.622769887
27380,-0.667432414,"Jacksonville, TX",NA,NA,NA,NA,NA
27420,-1.014613488,"Jamestown, ND",NA,NA,NA,NA,NA
27460,0.170678554,"Jamestown-Dunkirk-Fredonia, NY",NA,NA,NA,NA,NA
27500,0.367629662,"Janesville-Beloit, WI","Janesville-Beloit, WI (Metropolitan Statistical Area)",5840,36232.55843,3.766412847,4.559099001
27540,-0.301628592,"Jasper, IN",NA,NA,NA,NA,NA
27600,0.021699662,"Jefferson, GA",NA,NA,NA,NA,NA
27620,0.051354559,"Jefferson City, MO","Jefferson City, MO (Metropolitan Statistical Area)",6650,44102.53009,3.822821645,4.644463505
27700,-1.054853133,"Jesup, GA",NA,NA,NA,NA,NA
27740,0.210667812,"Johnson City, TN","Johnson City, TN (Metropolitan Statistical Area)",6344,31684.3551,3.802363174,4.500844872
27780,0.060298379,"Johnstown, PA","Johnstown, PA (Metropolitan Statistical Area)",4211,30621.66859,3.624385241,4.486028852
27860,0.105314008,"Jonesboro, AR","Jonesboro, AR (Metropolitan Statistical Area)",4651,36686.75459,3.66754634,4.564509295
27900,0.534414791,"Joplin, MO","Joplin, MO (Metropolitan Statistical Area)",6555,37217.88502,3.816572696,4.57075169
27920,-1.008074022,"Junction City, KS",NA,NA,NA,NA,NA
27940,0.120656937,"Juneau, AK",NA,NA,NA,NA,NA
27980,1.021679916,"Kahului-Wailuku-Lahaina, HI","Kahului-Wailuku-Lahaina, HI (Metropolitan Statistical Area)",7944,48635.34511,3.900039235,4.686952002
28020,1.210931224,"Kalamazoo-Portage, MI","Kalamazoo-Portage, MI (Metropolitan Statistical Area)",14307,42811.36011,4.155548577,4.631559026
28060,0.296503556,"Kalispell, MT",NA,NA,NA,NA,NA
28100,-0.161521931,"Kankakee-Bradley, IL","Kankakee, IL (Metropolitan Statistical Area)",3812,34200.30325,3.581152892,4.534029957
28140,2.451799694,"Kansas City, MO-KS","Kansas City, MO-KS (Metropolitan Statistical Area)",121105,58524.2259,5.083162074,4.767335678
28180,0.525538985,"Kapaa, HI",NA,NA,NA,NA,NA
28260,-0.507635097,"Kearney, NE",NA,NA,NA,NA,NA
28300,-0.043898709,"Keene, NH",NA,NA,NA,NA,NA
28340,-0.812944506,"Kendallville, IN",NA,NA,NA,NA,NA
28380,-1.137407014,"Kennett, MO",NA,NA,NA,NA,NA
28420,0.562966158,"Kennewick-Richland-Pasco, WA","Kennewick-Richland, WA (Metropolitan Statistical Area)",11377,41471.94984,4.056027758,4.617754455
28500,-0.378938465,"Kerrville, TX",NA,NA,NA,NA,NA
28540,-0.654978318,"Ketchikan, AK",NA,NA,NA,NA,NA
28580,0.755812217,"Key West, FL",NA,NA,NA,NA,NA
28620,-0.170133759,"Kill Devil Hills, NC",NA,NA,NA,NA,NA
28660,0.477528516,"Killeen-Temple-Fort Hood, TX","Killeen-Temple, TX (Metropolitan Statistical Area)",15663,36854.63795,4.194874948,4.566492149
28700,0.60209524,"Kingsport-Bristol-Bristol, TN-VA","Kingsport-Bristol-Bristol, TN-VA (Metropolitan Statistical Area)",11695,38029.79949,4.068000226,4.580124036
28740,0.777501844,"Kingston, NY","Kingston, NY (Metropolitan Statistical Area)",5466,30252.3799,3.737669627,4.480759545
28780,-1.022078183,"Kingsville, TX",NA,NA,NA,NA,NA
28820,-0.851350506,"Kinston, NC",NA,NA,NA,NA,NA
28860,-0.862379876,"Kirksville, MO",NA,NA,NA,NA,NA
28900,-0.437340109,"Klamath Falls, OR",NA,NA,NA,NA,NA
28940,1.578517143,"Knoxville, TN","Knoxville, TN (Metropolitan Statistical Area)",37422,43695.442,4.573126994,4.640436137
29020,-0.292229428,"Kokomo, IN","Kokomo, IN (Metropolitan Statistical Area)",4109,49662.19074,3.613736141,4.696025874
29060,0.008639145,"Laconia, NH",NA,NA,NA,NA,NA
29100,0.372694209,"La Crosse-Onalaska, WI-MN","La Crosse-Onalaska, WI-MN (Metropolitan Statistical Area)",6767,49586.7163,3.830396176,4.69536535
29180,1.354750529,"Lafayette, LA","Lafayette, LA (Metropolitan Statistical Area)",27147,55977.23547,4.433721843,4.748011446
29200,0.378499053,"Lafayette-West Lafayette, IN","Lafayette-West Lafayette, IN (Metropolitan Statistical Area)",9613,45314.2014,3.982858942,4.656234331
29260,-0.796483033,"La Grande, OR",NA,NA,NA,NA,NA
29300,-0.408239756,"LaGrange, GA",NA,NA,NA,NA,NA
29340,0.239429484,"Lake Charles, LA","Lake Charles, LA (Metropolitan Statistical Area)",14856,72998.15244,4.171901891,4.863311868
29380,-0.519807095,"Lake City, FL",NA,NA,NA,NA,NA
29420,0.406682969,"Lake Havasu City-Kingman, AZ","Lake Havasu City-Kingman, AZ (Metropolitan Statistical Area)",3854,18986.62463,3.58591171,4.278447764
29460,1.197731807,"Lakeland-Winter Haven, FL","Lakeland-Winter Haven, FL (Metropolitan Statistical Area)",18387,28959.00663,4.264510876,4.46178366
29500,-1.228982465,"Lamesa, TX",NA,NA,NA,NA,NA
29540,1.545557637,"Lancaster, PA","Lancaster, PA (Metropolitan Statistical Area)",24769,46414.3165,4.393908473,4.666651959
29620,0.958042385,"Lansing-East Lansing, MI","Lansing-East Lansing, MI (Metropolitan Statistical Area)",20753,44145.26906,4.317080886,4.644884168
29660,-0.558275612,"Laramie, WY",NA,NA,NA,NA,NA
29700,1.003639968,"Laredo, TX","Laredo, TX (Metropolitan Statistical Area)",7573,28405.31873,3.879267957,4.453399667
29740,0.219709081,"Las Cruces, NM","Las Cruces, NM (Metropolitan Statistical Area)",6266,29343.9982,3.796990391,4.467519287
29780,-1.094676143,"Las Vegas, NM",NA,NA,NA,NA,NA
29820,2.252065885,"Las Vegas-Henderson-Paradise, NV","Las Vegas-Henderson-Paradise, NV (Metropolitan Statistical Area)",96750,46854.59192,4.985650974,4.67075216
29820,2.252065885,"Las Vegas-Paradise, NV","Las Vegas-Henderson-Paradise, NV (Metropolitan Statistical Area)",96750,46854.59192,4.985650974,4.67075216
29860,-0.334965612,"Laurel, MS",NA,NA,NA,NA,NA
29900,-0.984701298,"Laurinburg, NC",NA,NA,NA,NA,NA
29940,0.09802947,"Lawrence, KS","Lawrence, KS (Metropolitan Statistical Area)",3985,34226.57391,3.600428326,4.534363428
29980,-0.814892002,"Lawrenceburg, TN",NA,NA,NA,NA,NA
30020,-0.066461379,"Lawton, OK","Lawton, OK (Metropolitan Statistical Area)",4818,36758.7033,3.682866796,4.565360183
30060,-0.91660905,"Lebanon, MO",NA,NA,NA,NA,NA
30140,0.141761274,"Lebanon, PA","Lebanon, PA (Metropolitan Statistical Area)",4562,33382.84903,3.659155281,4.523523398
30220,-0.876234756,"Levelland, TX",NA,NA,NA,NA,NA
30260,-0.946119692,"Lewisburg, PA",NA,NA,NA,NA,NA
30280,-1.240254021,"Lewisburg, TN",NA,NA,NA,NA,NA
30300,-0.303121034,"Lewiston, ID-WA","Lewiston, ID-WA (Metropolitan Statistical Area)",2134,34330.75933,3.329194415,4.535683409
30340,0.241423842,"Lewiston-Auburn, ME","Lewiston-Auburn, ME (Metropolitan Statistical Area)",4159,38721.5105,3.61898892,4.587952291
30380,-0.689198361,"Lewistown, PA",NA,NA,NA,NA,NA
30420,-0.895244091,"Lexington, NE",NA,NA,NA,NA,NA
30460,1.212741275,"Lexington-Fayette, KY","Lexington-Fayette, KY (Metropolitan Statistical Area)",27197,55021.13085,4.434521001,4.740529512
30580,-1.175896049,"Liberal, KS",NA,NA,NA,NA,NA
30620,-0.037299083,"Lima, OH","Lima, OH (Metropolitan Statistical Area)",6133,58440.69218,3.787672965,4.766715351
30660,-1.255628438,"Lincoln, IL",NA,NA,NA,NA,NA
30700,1.08369708,"Lincoln, NE","Lincoln, NE (Metropolitan Statistical Area)",18025,56469.65207,4.255875273,4.751815112
30780,1.3907283,"Little Rock-North Little Rock-Conway, AR","Little Rock-North Little Rock-Conway, AR (Metropolitan Statistical Area)",38330,52581.61605,4.583538819,4.72083393
30820,-1.126288968,"Lock Haven, PA",NA,NA,NA,NA,NA
30860,0.362249245,"Logan, UT-ID","Logan, UT-ID (Metropolitan Statistical Area)",4326,32989.4077,3.636086515,4.518374518
30880,-0.804541203,"Logan, WV",NA,NA,NA,NA,NA
30900,-0.878507336,"Logansport, IN",NA,NA,NA,NA,NA
30940,-0.079696193,"London, KY",NA,NA,NA,NA,NA
30980,0.534774985,"Longview, TX","Longview, TX (Metropolitan Statistical Area)",12067,55757.32372,4.081599313,4.74630192
31020,-0.000764631,"Longview, WA","Longview, WA (Metropolitan Statistical Area)",3757,36795.09529,3.574841195,4.565789932
31060,-1.221880937,"Los Alamos, NM",NA,NA,NA,NA,NA
31080,4.23371168,"Los Angeles-Long Beach-Anaheim, CA","Los Angeles-Long Beach-Anaheim, CA (Metropolitan Statistical Area)",879960,66658.31885,5.944462931,4.823854356
31140,2.055742916,"Louisville/Jefferson County, KY-IN","Louisville/Jefferson County, KY-IN (Metropolitan Statistical Area)",67434,53060.82946,4.828878922,4.724774035
31180,0.84977645,"Lubbock, TX","Lubbock, TX (Metropolitan Statistical Area)",12325,40188.8632,4.090786928,4.604105722
31220,-0.812541769,"Ludington, MI",NA,NA,NA,NA,NA
31260,-0.384950291,"Lufkin, TX",NA,NA,NA,NA,NA
31300,-0.437711366,"Lumberton, NC",NA,NA,NA,NA,NA
31340,0.515218559,"Lynchburg, VA","Lynchburg, VA (Metropolitan Statistical Area)",9086,35215.8258,3.958372732,4.546737877
31380,-0.997545904,"Macomb, IL",NA,NA,NA,NA,NA
31420,0.538523321,"Macon-Bibb County, GA","Macon-Bibb County, GA (Metropolitan Statistical Area)",8931,NA,3.950900089,NA
31460,-0.07197201,"Madera, CA","Madera, CA (Metropolitan Statistical Area)",5071,32913.39707,3.705093611,4.517372709
31500,-0.885348132,"Madison, IN",NA,NA,NA,NA,NA
31540,1.701402775,"Madison, WI","Madison, WI (Metropolitan Statistical Area)",44112,69589.14137,4.644556749,4.842541478
31580,-0.970381764,"Madisonville, KY",NA,NA,NA,NA,NA
31620,-0.944433245,"Magnolia, AR",NA,NA,NA,NA,NA
31660,-0.863158353,"Malone, NY",NA,NA,NA,NA,NA
31680,-1.257064116,"Malvern, AR",NA,NA,NA,NA,NA
31700,1.529040351,"Manchester-Nashua, NH","Manchester-Nashua, NH (Metropolitan Statistical Area)",24690,60962.51139,4.39252109,4.78506285
31740,-0.027770019,"Manhattan, KS","Manhattan, KS (Metropolitan Statistical Area)",3168,32493.30749,3.500785173,4.51179392
31820,-0.156664126,"Manitowoc, WI",NA,NA,NA,NA,NA
31860,0.140785364,"Mankato-North Mankato, MN","Mankato-North Mankato, MN (Metropolitan Statistical Area)",4757,48183.37436,3.677333151,4.682897211
31900,0.340209336,"Mansfield, OH","Mansfield, OH (Metropolitan Statistical Area)",4223,34639.74014,3.625621081,4.539574625
31930,-0.298223318,"Marietta, OH",NA,NA,NA,NA,NA
31940,-0.466057804,"Marinette, WI-MI",NA,NA,NA,NA,NA
31980,-0.500152974,"Marion, IN",NA,NA,NA,NA,NA
32000,-0.829728312,"Marion, NC",NA,NA,NA,NA,NA
32020,-0.651209502,"Marion, OH",NA,NA,NA,NA,NA
32100,-0.482518613,"Marquette, MI",NA,NA,NA,NA,NA
32140,-0.856546555,"Marshall, MN",NA,NA,NA,NA,NA
32180,-1.240869992,"Marshall, MO",NA,NA,NA,NA,NA
32220,-0.419920949,"Marshall, TX",NA,NA,NA,NA,NA
32260,-0.782398786,"Marshalltown, IA",NA,NA,NA,NA,NA
32280,-1.295873522,"Martin, TN",NA,NA,NA,NA,NA
32300,-0.477324661,"Martinsville, VA",NA,NA,NA,NA,NA
32340,-0.914738506,"Maryville, MO",NA,NA,NA,NA,NA
32380,-0.023866056,"Mason City, IA",NA,NA,NA,NA,NA
32460,-0.830987536,"Mayfield, KY",NA,NA,NA,NA,NA
32500,-1.267451155,"Maysville, KY",NA,NA,NA,NA,NA
32540,-0.685421467,"McAlester, OK",NA,NA,NA,NA,NA
32580,1.14293408,"McAllen-Edinburg-Mission, TX","McAllen-Edinburg-Mission, TX (Metropolitan Statistical Area)",18333,22112.24864,4.263233538,4.344632909
32620,-0.639578838,"McComb, MS",NA,NA,NA,NA,NA
32660,-0.706962499,"McMinnville, TN",NA,NA,NA,NA,NA
32700,-0.598015573,"McPherson, KS",NA,NA,NA,NA,NA
32740,-0.171413331,"Meadville, PA",NA,NA,NA,NA,NA
32780,0.887659189,"Medford, OR","Medford, OR (Metropolitan Statistical Area)",6797,32318.80406,3.83231727,4.509455282
32820,2.104172508,"Memphis, TN-MS-AR","Memphis, TN-MS-AR (Metropolitan Statistical Area)",69175,51562.99033,4.839949168,4.712338096
32860,-0.650179837,"Menomonie, WI",NA,NA,NA,NA,NA
32900,0.085805085,"Merced, CA","Merced, CA (Metropolitan Statistical Area)",8138,30693.33444,3.910517686,4.487044072
32940,-0.150933898,"Meridian, MS",NA,NA,NA,NA,NA
32980,-1.070350518,"Merrill, WI",NA,NA,NA,NA,NA
33020,-0.919071681,"Mexico, MO",NA,NA,NA,NA,NA
33060,-0.846888719,"Miami, OK",NA,NA,NA,NA,NA
33100,3.175558989,"Miami-Fort Lauderdale-West Palm Beach, FL","Miami-Fort Lauderdale-West Palm Beach, FL (Metropolitan Statistical Area)",300027,50592.98069,5.477160339,4.704090267
33140,0.137817405,"Michigan City-La Porte, IN","Michigan City-La Porte, IN (Metropolitan Statistical Area)",3926,35158.73371,3.593950295,4.546033225
33180,-1.149756224,"Middlesborough, KY",NA,NA,NA,NA,NA
33220,-0.015087533,"Midland, MI","Midland, MI (Metropolitan Statistical Area)",4077,48850.3337,3.610340711,4.688867535
33260,0.612461404,"Midland, TX","Midland, TX (Metropolitan Statistical Area)",28688,177564.3089,4.457700272,5.249355675
33300,-0.933909986,"Milledgeville, GA",NA,NA,NA,NA,NA
33340,2.841774033,"Milwaukee-Waukesha-West Allis, WI","Milwaukee-Waukesha-West Allis, WI (Metropolitan Statistical Area)",97822,62164.10811,4.990436538,4.793539707
33420,-0.928293029,"Mineral Wells, TX",NA,NA,NA,NA,NA
33460,3.261188701,"Minneapolis-St. Paul-Bloomington, MN-WI","Minneapolis-St. Paul-Bloomington, MN-WI (Metropolitan Statistical Area)",237643,68056.70824,5.375925026,4.832870939
33500,-0.27122761,"Minot, ND",NA,NA,NA,NA,NA
33540,0.62210309,"Missoula, MT","Missoula, MT (Metropolitan Statistical Area)",4867,43225.7205,3.687261346,4.635742241
33580,-0.634198433,"Mitchell, SD",NA,NA,NA,NA,NA
33620,-0.95560693,"Moberly, MO",NA,NA,NA,NA,NA
33660,1.151749279,"Mobile, AL","Mobile, AL (Metropolitan Statistical Area)",17979,43391.69092,4.254765532,4.637406574
33700,1.0754855,"Modesto, CA","Modesto, CA (Metropolitan Statistical Area)",18294,34533.00966,4.262308675,4.53823443
33740,0.470697024,"Monroe, LA","Monroe, LA (Metropolitan Statistical Area)",6899,38545.77555,3.838786145,4.585976788
33780,-0.19837345,"Monroe, MI","Monroe, MI (Metropolitan Statistical Area)",4540,30279.58596,3.657055853,4.481149932
33860,0.890525418,"Montgomery, AL","Montgomery, AL (Metropolitan Statistical Area)",16560,44338.77394,4.219060332,4.64678368
33940,-0.312782355,"Montrose, CO",NA,NA,NA,NA,NA
33980,-0.117231927,"Morehead City, NC",NA,NA,NA,NA,NA
34020,0.322311837,"Morgan City, LA",NA,NA,NA,NA,NA
34060,-0.145205744,"Morgantown, WV","Morgantown, WV (Metropolitan Statistical Area)",7141,52158.73317,3.853759033,4.717327035
34100,-0.116371357,"Morristown, TN","Morristown, TN (Metropolitan Statistical Area)",3764,32540.00501,3.575649615,4.512417615
34140,-0.627980384,"Moscow, ID",NA,NA,NA,NA,NA
34180,-0.300166974,"Moses Lake, WA",NA,NA,NA,NA,NA
34220,-0.926082718,"Moultrie, GA",NA,NA,NA,NA,NA
34260,-0.537078727,"Mountain Home, AR",NA,NA,NA,NA,NA
34300,-1.176112849,"Mountain Home, ID",NA,NA,NA,NA,NA
34340,-0.229000493,"Mount Airy, NC",NA,NA,NA,NA,NA
34380,-0.305751199,"Mount Pleasant, MI",NA,NA,NA,NA,NA
34420,-1.052956538,"Mount Pleasant, TX",NA,NA,NA,NA,NA
34460,-1.1721186,"Mount Sterling, KY",NA,NA,NA,NA,NA
34500,-0.89394308,"Mount Vernon, IL",NA,NA,NA,NA,NA
34540,-0.963330651,"Mount Vernon, OH",NA,NA,NA,NA,NA
34580,0.461260763,"Mount Vernon-Anacortes, WA","Mount Vernon-Anacortes, WA (Metropolitan Statistical Area)",5245,43598.24776,3.719745493,4.639469035
34620,0.108776102,"Muncie, IN","Muncie, IN (Metropolitan Statistical Area)",3724,31934.96381,3.571009672,4.504266428
34660,-0.771795163,"Murray, KY",NA,NA,NA,NA,NA
34700,-0.469605558,"Muscatine, IA",NA,NA,NA,NA,NA
34740,0.567330746,"Muskegon-Norton Shores, MI","Muskegon, MI (Metropolitan Statistical Area)",5613,32580.4935,3.749195042,4.512957658
34780,-0.49299476,"Muskogee, OK",NA,NA,NA,NA,NA
34820,0.724177807,"Myrtle Beach-Conway-North Myrtle Beach, SC-NC","Myrtle Beach-Conway-North Myrtle Beach, SC-NC (Metropolitan Statistical Area)",15455,37008.74513,4.189069009,4.56830436
34860,-0.258526952,"Nacogdoches, TX",NA,NA,NA,NA,NA
34900,0.689835009,"Napa, CA","Napa, CA (Metropolitan Statistical Area)",8884,62963.77669,3.94860855,4.79909077
34940,0.993954125,"Naples-Immokalee-Marco Island, FL","Naples-Immokalee-Marco Island, FL (Metropolitan Statistical Area)",15557,44717.0012,4.191925852,4.650472671
34980,2.379942381,"Nashville-Davidson--Murfreesboro--Franklin, TN","Nashville-Davidson--Murfreesboro--Franklin, TN (Metropolitan Statistical Area)",106455,59369.81166,5.027166064,4.773565671
35020,-0.526334772,"Natchez, MS-LA",NA,NA,NA,NA,NA
35060,-1.015619439,"Natchitoches, LA",NA,NA,NA,NA,NA
35100,-0.037074234,"New Bern, NC","New Bern, NC (Metropolitan Statistical Area)",4831,37944.35979,3.684037037,4.57914723
35140,-1.183458842,"Newberry, SC",NA,NA,NA,NA,NA
35220,-1.053389589,"New Castle, IN",NA,NA,NA,NA,NA
35260,-0.204068665,"New Castle, PA",NA,NA,NA,NA,NA
35300,2.160170277,"New Haven-Milford, CT","New Haven-Milford, CT (Metropolitan Statistical Area)",44123,51214.46165,4.644665033,4.709392612
35380,1.877825143,"New Orleans-Metairie-Kenner, LA","New Orleans-Metairie, LA (Metropolitan Statistical Area)",79524,63557.11741,4.900498217,4.803164192
35420,-0.104177954,"New Philadelphia-Dover, OH",NA,NA,NA,NA,NA
35440,0.037245261,"Newport, OR",NA,NA,NA,NA,NA
35460,-0.777446272,"Newport, TN",NA,NA,NA,NA,NA
35500,-0.895891205,"Newton, IA",NA,NA,NA,NA,NA
35580,-0.818658547,"New Ulm, MN",NA,NA,NA,NA,NA
35620,4.029376545,"New York-Newark-Jersey City, NY-NJ-PA","New York-Newark-Jersey City, NY-NJ-PA (Metropolitan Statistical Area)",1537140,76656.79545,6.186713424,4.88455066
35660,0.555982011,"Niles-Benton Harbor, MI","Niles-Benton Harbor, MI (Metropolitan Statistical Area)",6272,40350.23385,3.79740605,4.605846056
35700,0.088320733,"Nogales, AZ",NA,NA,NA,NA,NA
35740,-0.393471295,"Norfolk, NE",NA,NA,NA,NA,NA
35820,-0.496865355,"North Platte, NE",NA,NA,NA,NA,NA
35840,1.434595322,"North Port-Sarasota-Bradenton, FL","North Port-Sarasota-Bradenton, FL (Metropolitan Statistical Area)",26656,35624.45707,4.42579498,4.551748254
35860,-0.900459791,"North Vernon, IN",NA,NA,NA,NA,NA
35900,-0.73213814,"North Wilkesboro, NC",NA,NA,NA,NA,NA
35940,-0.811039248,"Norwalk, OH",NA,NA,NA,NA,NA
35980,0.579247773,"Norwich-New London, CT","Norwich-New London, CT (Metropolitan Statistical Area)",15380,56533.10201,4.186956335,4.752302816
36020,-0.104575835,"Oak Harbor, WA",NA,NA,NA,NA,NA
36100,0.660534194,"Ocala, FL","Ocala, FL (Metropolitan Statistical Area)",7505,22133.48512,3.875350697,4.345049803
36140,0.346406859,"Ocean City, NJ","Ocean City, NJ (Metropolitan Statistical Area)",4657,48806.8164,3.668106238,4.68848048
36220,0.713760385,"Odessa, TX","Odessa, TX (Metropolitan Statistical Area)",10468,67723.36158,4.019863714,4.830738507
36260,1.265758898,"Ogden-Clearfield, UT","Ogden-Clearfield, UT (Metropolitan Statistical Area)",23514,37202.45865,4.371326514,4.570571643
36300,-0.495018422,"Ogdensburg-Massena, NY",NA,NA,NA,NA,NA
36340,-0.499352759,"Oil City, PA",NA,NA,NA,NA,NA
36380,-0.939635081,"Okeechobee, FL",NA,NA,NA,NA,NA
36420,1.684959536,"Oklahoma City, OK","Oklahoma City, OK (Metropolitan Statistical Area)",76050,56890.26799,4.881099218,4.75503798
36460,-0.443810739,"Olean, NY",NA,NA,NA,NA,NA
36500,0.808861499,"Olympia-Tumwater, WA","Olympia-Tumwater, WA (Metropolitan Statistical Area)",10188,38328.27331,4.008088936,4.583519255
36540,1.706068517,"Omaha-Council Bluffs, NE-IA","Omaha-Council Bluffs, NE-IA (Metropolitan Statistical Area)",56438,62393.11042,4.751571615,4.795136637
36580,-0.415531802,"Oneonta, NY",NA,NA,NA,NA,NA
36620,-0.629312131,"Ontario, OR-ID",NA,NA,NA,NA,NA
36660,-0.500814457,"Opelousas-Eunice, LA",NA,NA,NA,NA,NA
36700,-0.568216449,"Orangeburg, SC",NA,NA,NA,NA,NA
36740,2.269303086,"Orlando-Kissimmee-Sanford, FL","Orlando-Kissimmee-Sanford, FL (Metropolitan Statistical Area)",114452,49267.79733,5.058623386,4.692563146
36780,0.635256783,"Oshkosh-Neenah, WI","Oshkosh-Neenah, WI (Metropolitan Statistical Area)",9279,54678.52281,3.967501175,4.737816773
36820,-0.861704328,"Oskaloosa, IA",NA,NA,NA,NA,NA
36830,-1.25585037,"Othello, WA",NA,NA,NA,NA,NA
36840,-0.947334842,"Ottawa, KS",NA,NA,NA,NA,NA
36860,0.054159487,"Ottawa-Peru, IL",NA,NA,NA,NA,NA
36900,-0.723326249,"Ottumwa, IA",NA,NA,NA,NA,NA
36940,-0.589649303,"Owatonna, MN",NA,NA,NA,NA,NA
36980,0.034895721,"Owensboro, KY","Owensboro, KY (Metropolitan Statistical Area)",5631,48291.6538,3.750585527,4.683872079
37020,-0.538921814,"Owosso, MI",NA,NA,NA,NA,NA
37060,-0.44210952,"Oxford, MS",NA,NA,NA,NA,NA
37080,-0.955055473,"Oxford, NC",NA,NA,NA,NA,NA
37100,1.854035038,"Oxnard-Thousand Oaks-Ventura, CA","Oxnard-Thousand Oaks-Ventura, CA (Metropolitan Statistical Area)",47185,55901.23188,4.673803959,4.747421378
37120,-0.518955736,"Ozark, AL",NA,NA,NA,NA,NA
37140,0.049875129,"Paducah, KY-IL",NA,NA,NA,NA,NA
37220,-0.90782398,"Pahrump, NV",NA,NA,NA,NA,NA
37260,-0.569948788,"Palatka, FL",NA,NA,NA,NA,NA
37300,-0.623505787,"Palestine, TX",NA,NA,NA,NA,NA
37340,1.288719931,"Palm Bay-Melbourne-Titusville, FL","Palm Bay-Melbourne-Titusville, FL (Metropolitan Statistical Area)",18579,33337.58001,4.269022335,4.522934071
37420,-1.029698754,"Pampa, TX",NA,NA,NA,NA,NA
37460,0.616383211,"Panama City-Lynn Haven, FL","Panama City, FL (Metropolitan Statistical Area)",7645,39246.18575,3.88337749,4.593797455
37500,-0.918682951,"Paragould, AR",NA,NA,NA,NA,NA
37540,-1.066149868,"Paris, TN",NA,NA,NA,NA,NA
37580,-0.557654486,"Paris, TX",NA,NA,NA,NA,NA
37620,0.107458143,"Parkersburg-Marietta-Vienna, WV-OH","Parkersburg-Vienna, WV (Metropolitan Statistical Area)",3676,39868.11852,3.565375503,4.600625741
37660,-0.965894987,"Parsons, KS",NA,NA,NA,NA,NA
37740,-0.459090088,"Payson, AZ",NA,NA,NA,NA,NA
37780,-1.36127888,"Pecos, TX",NA,NA,NA,NA,NA
37860,0.643303706,"Pensacola-Ferry Pass-Brent, FL","Pensacola-Ferry Pass-Brent, FL (Metropolitan Statistical Area)",15492,32780.15586,4.190107488,4.515611014
37900,1.027474158,"Peoria, IL","Peoria, IL (Metropolitan Statistical Area)",19856,52270.6512,4.297891764,4.718257911
37940,-0.88561958,"Peru, IN",NA,NA,NA,NA,NA
37980,3.368278404,"Philadelphia-Camden-Wilmington, PA-NJ-DE-MD","Philadelphia-Camden-Wilmington, PA-NJ-DE-MD (Metropolitan Statistical Area)",397137,65633.81134,5.598940351,4.817127624
38060,2.87185319,"Phoenix-Mesa-Scottsdale, AZ","Phoenix-Mesa-Scottsdale, AZ (Metropolitan Statistical Area)",211137,47129.26804,5.324564346,4.673290695
38100,-1.151607612,"Picayune, MS",NA,NA,NA,NA,NA
38180,-0.294594226,"Pierre, SD",NA,NA,NA,NA,NA
38220,-0.488463302,"Pine Bluff, AR","Pine Bluff, AR (Metropolitan Statistical Area)",3104,32758.85724,3.491921713,4.515328743
38240,-0.002876533,"Pinehurst-Southern Pines, NC",NA,NA,NA,NA,NA
38260,-0.804178647,"Pittsburg, KS",NA,NA,NA,NA,NA
38300,2.443360015,"Pittsburgh, PA","Pittsburgh, PA (Metropolitan Statistical Area)",137576,58344.68129,5.138542678,4.766001272
38340,0.712282,"Pittsfield, MA","Pittsfield, MA (Metropolitan Statistical Area)",6101,47429.50876,3.785401025,4.676048627
38380,-0.859015689,"Plainview, TX",NA,NA,NA,NA,NA
38420,-0.741192262,"Platteville, WI",NA,NA,NA,NA,NA
38460,-0.133022079,"Plattsburgh, NY",NA,NA,NA,NA,NA
38500,-0.614590005,"Plymouth, IN",NA,NA,NA,NA,NA
38540,0.020989174,"Pocatello, ID","Pocatello, ID (Metropolitan Statistical Area)",2449,29323.7224,3.388988785,4.4672191
38580,-0.794580005,"Point Pleasant, WV-OH",NA,NA,NA,NA,NA
38620,-0.539642139,"Ponca City, OK",NA,NA,NA,NA,NA
38700,-0.878909794,"Pontiac, IL",NA,NA,NA,NA,NA
38740,-0.709947439,"Poplar Bluff, MO",NA,NA,NA,NA,NA
38780,-1.218515902,"Portales, NM",NA,NA,NA,NA,NA
38820,-0.098773289,"Port Angeles, WA",NA,NA,NA,NA,NA
38840,-0.481538453,"Port Clinton, OH",NA,NA,NA,NA,NA
38860,1.487769298,"Portland-South Portland-Biddeford, ME","Portland-South Portland, ME (Metropolitan Statistical Area)",27769,52991.24096,4.44356024,4.72420409
38900,2.748831968,"Portland-Vancouver-Hillsboro, OR-WA","Portland-Vancouver-Hillsboro, OR-WA (Metropolitan Statistical Area)",149095,63547.65509,5.173463079,4.80309953
38920,-0.828588562,"Port Lavaca, TX",NA,NA,NA,NA,NA
38940,1.02818683,"Port St. Lucie, FL","Port St. Lucie, FL (Metropolitan Statistical Area)",11727,26395.87282,4.069186925,4.421536027
39020,-0.991771905,"Portsmouth, OH",NA,NA,NA,NA,NA
39060,-0.101457623,"Pottsville, PA",NA,NA,NA,NA,NA
39140,0.598259423,"Prescott, AZ","Prescott, AZ (Metropolitan Statistical Area)",4977,22787.93984,3.696967641,4.357705064
39220,-1.113588449,"Price, UT",NA,NA,NA,NA,NA
39260,-0.975339514,"Prineville, OR",NA,NA,NA,NA,NA
39300,2.410240036,"Providence-Warwick, RI-MA","Providence-Warwick, RI-MA (Metropolitan Statistical Area)",75870,47137.36937,4.880070084,4.673365342
39340,1.62451301,"Provo-Orem, UT","Provo-Orem, UT (Metropolitan Statistical Area)",18967,33179.21886,4.277998644,4.520866157
39380,0.042579038,"Pueblo, CO","Pueblo, CO (Metropolitan Statistical Area)",4686,29042.45429,3.670802284,4.463033314
39420,-0.890969648,"Pullman, WA",NA,NA,NA,NA,NA
39460,0.44179578,"Punta Gorda, FL","Punta Gorda, FL (Metropolitan Statistical Area)",3519,20872.50512,3.546419267,4.319574576
39500,-0.231800328,"Quincy, IL-MO",NA,NA,NA,NA,NA
39540,0.461435794,"Racine, WI","Racine, WI (Metropolitan Statistical Area)",7655,39271.51469,3.883945195,4.594077652
39580,1.836293188,"Raleigh-Cary, NC","Raleigh, NC (Metropolitan Statistical Area)",69277,55790.98093,4.840589073,4.746563997
39660,0.492834531,"Rapid City, SD","Rapid City, SD (Metropolitan Statistical Area)",6225,43426.69783,3.794139356,4.637756807
39700,-0.588562024,"Raymondville, TX",NA,NA,NA,NA,NA
39740,1.272961757,"Reading, PA","Reading, PA (Metropolitan Statistical Area)",16882,40775.70944,4.227423896,4.610401526
39780,-0.832420532,"Red Bluff, CA",NA,NA,NA,NA,NA
39820,0.267096507,"Redding, CA","Redding, CA (Metropolitan Statistical Area)",5628,31315.90222,3.750354089,4.495764928
39860,-0.616076267,"Red Wing, MN",NA,NA,NA,NA,NA
39900,1.290256868,"Reno-Sparks, NV","Reno, NV (Metropolitan Statistical Area)",20823,47021.39142,4.318543299,4.672295476
39940,-0.768081027,"Rexburg, ID",NA,NA,NA,NA,NA
39980,-0.182878074,"Richmond, IN",NA,NA,NA,NA,NA
40060,1.809043227,"Richmond, VA","Richmond, VA (Metropolitan Statistical Area)",69609,55294.16905,4.842665395,4.742679336
40080,-0.335576343,"Richmond-Berea, KY",NA,NA,NA,NA,NA
40100,-0.73867964,"Rio Grande City-Roma, TX",NA,NA,NA,NA,NA
40140,2.746439821,"Riverside-San Bernardino-Ontario, CA","Riverside-San Bernardino-Ontario, CA (Metropolitan Statistical Area)",132331,29882.41776,5.121661594,4.475415733
40180,-0.477091366,"Riverton, WY",NA,NA,NA,NA,NA
40220,0.759872147,"Roanoke, VA","Roanoke, VA (Metropolitan Statistical Area)",14004,44681.5435,4.146252102,4.650128167
40260,-0.741082847,"Roanoke Rapids, NC",NA,NA,NA,NA,NA
40300,-0.928338186,"Rochelle, IL",NA,NA,NA,NA,NA
40340,0.50792171,"Rochester, MN","Rochester, MN (Metropolitan Statistical Area)",10782,50724.02405,4.032699327,4.7052137
40380,1.880030034,"Rochester, NY","Rochester, NY (Metropolitan Statistical Area)",53246,49148.44499,4.726286988,4.691509782
40420,1.378505478,"Rockford, IL","Rockford, IL (Metropolitan Statistical Area)",14431,42153.38328,4.159296427,4.624832437
40460,-0.865123229,"Rockingham, NC",NA,NA,NA,NA,NA
40540,-0.500802195,"Rock Springs, WY",NA,NA,NA,NA,NA
40580,-0.165009613,"Rocky Mount, NC","Rocky Mount, NC (Metropolitan Statistical Area)",6012,40289.50543,3.779018972,4.605191936
40620,-0.610487241,"Rolla, MO",NA,NA,NA,NA,NA
40660,-0.315434718,"Rome, GA","Rome, GA (Metropolitan Statistical Area)",3485,36279.03103,3.542202782,4.559655679
40700,-0.107869034,"Roseburg, OR",NA,NA,NA,NA,NA
40740,-0.415709553,"Roswell, NM",NA,NA,NA,NA,NA
40780,-0.400809471,"Russellville, AR",NA,NA,NA,NA,NA
40820,-0.754760011,"Ruston, LA",NA,NA,NA,NA,NA
40860,0.011647267,"Rutland, VT",NA,NA,NA,NA,NA
40900,2.055071802,"Sacramento--Roseville--Arden-Arcade, CA","Sacramento--Roseville--Arden-Arcade, CA (Metropolitan Statistical Area)",112238,50097.5053,5.050139919,4.6998161
40940,-1.06139566,"Safford, AZ",NA,NA,NA,NA,NA
40980,0.752600892,"Saginaw-Saginaw Township North, MI","Saginaw, MI (Metropolitan Statistical Area)",7471,38263.37246,3.873378736,4.582783245
41060,0.652380695,"St. Cloud, MN","St. Cloud, MN (Metropolitan Statistical Area)",8981,46551.76882,3.953324696,4.667936187
41100,0.592634282,"St. George, UT","St. George, UT (Metropolitan Statistical Area)",4400,28974.62745,3.643452676,4.462017861
41140,0.161502115,"St. Joseph, MO-KS","St. Joseph, MO-KS (Metropolitan Statistical Area)",5600,43986.08155,3.748188027,4.643315275
41180,2.584337163,"St. Louis, MO-IL","St. Louis, MO-IL (Metropolitan Statistical Area)",149927,53452.54062,5.175879851,4.727968352
41220,-0.767593578,"St. Marys, GA",NA,NA,NA,NA,NA
41400,0.100727094,"Salem, OH",NA,NA,NA,NA,NA
41420,0.933355104,"Salem, OR","Salem, OR (Metropolitan Statistical Area)",13482,33462.39762,4.129754323,4.524557055
41460,-0.200800479,"Salina, KS",NA,NA,NA,NA,NA
41500,1.089534676,"Salinas, CA","Salinas, CA (Metropolitan Statistical Area)",21360,49685.74233,4.329601248,4.696231783
41540,0.794084249,"Salisbury, MD-DE","Salisbury, MD-DE (Metropolitan Statistical Area)",15203,39046.42783,4.181929296,4.591581309
41620,2.482999428,"Salt Lake City, UT","Salt Lake City, UT (Metropolitan Statistical Area)",75331,65335.45883,4.876973733,4.815148945
41660,0.072869021,"San Angelo, TX","San Angelo, TX (Metropolitan Statistical Area)",5048,42680.91619,3.703119346,4.630233733
41700,1.976955762,"San Antonio-New Braunfels, TX","San Antonio-New Braunfels, TX (Metropolitan Statistical Area)",104014,44618.27979,5.017091798,4.649512823
41740,2.814743661,"San Diego-Carlsbad-San Marcos, CA","San Diego-Carlsbad, CA (Metropolitan Statistical Area)",210387,64558.54447,5.323018901,4.80995373
41760,-0.104123819,"Sandpoint, ID",NA,NA,NA,NA,NA
41780,-0.227979201,"Sandusky, OH",NA,NA,NA,NA,NA
41820,-0.605693366,"Sanford, NC",NA,NA,NA,NA,NA
41860,3.308024679,"San Francisco-Oakland-Hayward, CA","San Francisco-Oakland-Hayward, CA (Metropolitan Statistical Area)",408067,88988.34466,5.610731475,4.949333128
41940,2.827525819,"San Jose-Sunnyvale-Santa Clara, CA","San Jose-Sunnyvale-Santa Clara, CA (Metropolitan Statistical Area)",213014,109354.4813,5.328408148,5.038836585
42020,0.81014452,"San Luis Obispo-Paso Robles-Arroyo Grande, CA","San Luis Obispo-Paso Robles-Arroyo Grande, CA (Metropolitan Statistical Area)",13123,47056.58767,4.118033129,4.672620431
42100,1.273463055,"Santa Cruz-Watsonville, CA","Santa Cruz-Watsonville, CA (Metropolitan Statistical Area)",11284,41642.83263,4.052463077,4.619540263
42140,0.761322251,"Santa Fe, NM","Santa Fe, NM (Metropolitan Statistical Area)",7123,48347.57583,3.852662944,4.684374703
42200,1.428444749,"Santa Maria-Santa Barbara, CA","Santa Maria-Santa Barbara, CA (Metropolitan Statistical Area)",23986,54445.20864,4.379957829,4.735959666
42220,1.473196348,"Santa Rosa-Petaluma, CA","Santa Rosa, CA (Metropolitan Statistical Area)",23833,47745.44843,4.377178713,4.678931977
42300,-0.783180995,"Sault Ste. Marie, MI",NA,NA,NA,NA,NA
42340,0.968416082,"Savannah, GA","Savannah, GA (Metropolitan Statistical Area)",15809,42474.24785,4.198904399,4.628125697
42380,-0.509377831,"Sayre, PA",NA,NA,NA,NA,NA
42420,-0.484836531,"Scottsbluff, NE",NA,NA,NA,NA,NA
42460,-0.948684422,"Scottsboro, AL",NA,NA,NA,NA,NA
42540,1.547046384,"Scranton--Wilkes-Barre--Hazleton, PA","Scranton--Wilkes-Barre--Hazleton, PA (Metropolitan Statistical Area)",22478,40127.10427,4.351757667,4.60343782
42620,-0.513817344,"Searcy, AR",NA,NA,NA,NA,NA
42660,2.890577214,"Seattle-Tacoma-Bellevue, WA","Seattle-Tacoma-Bellevue, WA (Metropolitan Statistical Area)",298084,81287.3155,5.474338665,4.910022781
42680,0.601563971,"Sebastian-Vero Beach, FL","Sebastian-Vero Beach, FL (Metropolitan Statistical Area)",4558,31490.94929,3.658774321,4.498185753
42700,-0.127934924,"Sebring, FL","Sebring, FL (Metropolitan Statistical Area)",1890,19269.00138,3.276461804,4.284859208
42740,-0.614428829,"Sedalia, MO",NA,NA,NA,NA,NA
42780,-0.283969474,"Selinsgrove, PA",NA,NA,NA,NA,NA
42820,-0.98864515,"Selma, AL",NA,NA,NA,NA,NA
42860,-0.501081172,"Seneca, SC",NA,NA,NA,NA,NA
42900,-0.595148057,"Seneca Falls, NY",NA,NA,NA,NA,NA
42940,0.437630531,"Sevierville, TN",NA,NA,NA,NA,NA
42980,-0.876040435,"Seymour, IN",NA,NA,NA,NA,NA
43020,-0.925068538,"Shawano, WI",NA,NA,NA,NA,NA
43060,-0.471979927,"Shawnee, OK",NA,NA,NA,NA,NA
43100,0.189321751,"Sheboygan, WI","Sheboygan, WI (Metropolitan Statistical Area)",6396,55471.23665,3.805908455,4.744067848
43140,-0.163408035,"Shelby, NC",NA,NA,NA,NA,NA
43180,-0.84309772,"Shelbyville, TN",NA,NA,NA,NA,NA
43220,-0.637502423,"Shelton, WA",NA,NA,NA,NA,NA
43260,-0.521368502,"Sheridan, WY",NA,NA,NA,NA,NA
43300,-0.072491333,"Sherman-Denison, TX","Sherman-Denison, TX (Metropolitan Statistical Area)",3834,31044.53441,3.583652109,4.491985151
43320,-0.277261566,"Show Low, AZ",NA,NA,NA,NA,NA
43340,0.791947076,"Shreveport-Bossier City, LA","Shreveport-Bossier City, LA (Metropolitan Statistical Area)",22308,50135.85766,4.348460636,4.700148449
43380,-0.532392164,"Sidney, OH",NA,NA,NA,NA,NA
43420,-0.141859834,"Sierra Vista-Douglas, AZ","Sierra Vista-Douglas, AZ (Metropolitan Statistical Area)",3836,30128.57266,3.583878598,4.478978557
43460,-0.816048156,"Sikeston, MO",NA,NA,NA,NA,NA
43500,-1.010070426,"Silver City, NM",NA,NA,NA,NA,NA
43580,0.303827334,"Sioux City, IA-NE-SD","Sioux City, IA-NE-SD (Metropolitan Statistical Area)",8856,52524.50966,3.947237608,4.720362007
43620,0.921336218,"Sioux Falls, SD","Sioux Falls, SD (Metropolitan Statistical Area)",17917,72264.61668,4.253265294,4.858925703
43660,-0.90235507,"Snyder, TX",NA,NA,NA,NA,NA
43700,-0.506772652,"Somerset, KY",NA,NA,NA,NA,NA
43740,-0.452579456,"Somerset, PA",NA,NA,NA,NA,NA
43760,-0.725524599,"Sonora, CA",NA,NA,NA,NA,NA
43780,0.96393535,"South Bend-Mishawaka, IN-MI","South Bend-Mishawaka, IN-MI (Metropolitan Statistical Area)",13464,42149.68397,4.129174103,4.624794323
43900,1.037516031,"Spartanburg, SC","Spartanburg, SC (Metropolitan Statistical Area)",13525,42082.95866,4.131137274,4.624106265
43940,-0.623536968,"Spearfish, SD",NA,NA,NA,NA,NA
43980,-0.818778859,"Spencer, IA",NA,NA,NA,NA,NA
44020,-0.66191931,"Spirit Lake, IA",NA,NA,NA,NA,NA
44060,1.413299646,"Spokane-Spokane Valley, WA","Spokane-Spokane Valley, WA (Metropolitan Statistical Area)",22092,40847.57045,4.344235035,4.61116623
44100,0.641514187,"Springfield, IL","Springfield, IL (Metropolitan Statistical Area)",9642,45580.67856,3.984167127,4.658780786
44140,1.541309204,"Springfield, MA","Springfield, MA (Metropolitan Statistical Area)",24671,39155.59393,4.392186753,4.592793816
44180,1.172899927,"Springfield, MO","Springfield, MO (Metropolitan Statistical Area)",17519,38736.31051,4.243509313,4.588118253
44220,0.149617314,"Springfield, OH","Springfield, OH (Metropolitan Statistical Area)",4182,30657.12694,3.621384028,4.486531452
44260,-0.866945596,"Starkville, MS",NA,NA,NA,NA,NA
44300,0.411271087,"State College, PA","State College, PA (Metropolitan Statistical Area)",7836,49077.44918,3.894094427,4.690881982
44340,-0.66287827,"Statesboro, GA",NA,NA,NA,NA,NA
44420,-0.21999985,"Staunton-Waynesboro, VA","Staunton-Waynesboro, VA (Metropolitan Statistical Area)",4938,41204.25227,3.693551086,4.614942037
44460,0.171702986,"Steamboat Springs, CO",NA,NA,NA,NA,NA
44500,-0.776246484,"Stephenville, TX",NA,NA,NA,NA,NA
44540,-1.290997251,"Sterling, CO",NA,NA,NA,NA,NA
44580,-0.446844534,"Sterling, IL",NA,NA,NA,NA,NA
44620,-0.340479307,"Stevens Point, WI",NA,NA,NA,NA,NA
44660,-0.314817965,"Stillwater, OK",NA,NA,NA,NA,NA
44700,1.211157035,"Stockton-Lodi, CA","Stockton-Lodi, CA (Metropolitan Statistical Area)",23328,32708.09206,4.367877507,4.514655211
44740,-1.064164126,"Storm Lake, IA",NA,NA,NA,NA,NA
44780,-0.600630508,"Sturgis, MI",NA,NA,NA,NA,NA
44860,-0.814225131,"Sulphur Springs, TX",NA,NA,NA,NA,NA
44900,-1.531559506,"Summerville, GA",NA,NA,NA,NA,NA
44920,0.772350876,"Summit Park, UT",NA,NA,NA,NA,NA
44940,-0.45407639,"Sumter, SC","Sumter, SC (Metropolitan Statistical Area)",3588,33277.37639,3.554852434,4.522149079
44980,-0.420643884,"Sunbury, PA",NA,NA,NA,NA,NA
45000,-1.23686309,"Susanville, CA",NA,NA,NA,NA,NA
45020,-1.157194461,"Sweetwater, TX",NA,NA,NA,NA,NA
45060,1.613445384,"Syracuse, NY","Syracuse, NY (Metropolitan Statistical Area)",31037,46898.42126,4.491879736,4.671158223
45140,-0.910991563,"Tahlequah, OK",NA,NA,NA,NA,NA
45180,-0.744040645,"Talladega-Sylacauga, AL",NA,NA,NA,NA,NA
45220,0.982426914,"Tallahassee, FL","Tallahassee, FL (Metropolitan Statistical Area)",14244,37923.82753,4.153631965,4.578912163
45300,2.564183461,"Tampa-St. Petersburg-Clearwater, FL","Tampa-St. Petersburg-Clearwater, FL (Metropolitan Statistical Area)",127326,43668.8771,5.104917096,4.640172025
45340,-0.490424754,"Taos, NM",NA,NA,NA,NA,NA
45380,-1.128103744,"Taylorville, IL",NA,NA,NA,NA,NA
45460,0.107926696,"Terre Haute, IN","Terre Haute, IN (Metropolitan Statistical Area)",6649,38818.79696,3.822756333,4.589042072
45500,0.123833065,"Texarkana, TX-AR","Texarkana, TX-AR (Metropolitan Statistical Area)",5042,33716.95678,3.702602841,4.527848369
45520,-0.951218513,"The Dalles, OR",NA,NA,NA,NA,NA
45540,-0.489524425,"The Villages, FL","The Villages, FL (Metropolitan Statistical Area)",2185,19164.64934,3.339451441,4.282500877
45580,-1.346279516,"Thomaston, GA",NA,NA,NA,NA,NA
45620,-0.647051304,"Thomasville, GA",NA,NA,NA,NA,NA
45660,-0.730664826,"Tiffin, OH",NA,NA,NA,NA,NA
45700,-0.692473463,"Tifton, GA",NA,NA,NA,NA,NA
45740,-0.946072519,"Toccoa, GA",NA,NA,NA,NA,NA
45780,1.64854168,"Toledo, OH","Toledo, OH (Metropolitan Statistical Area)",33653,55469.11313,4.527023786,4.744051222
45820,0.349385375,"Topeka, KS","Topeka, KS (Metropolitan Statistical Area)",9924,42448.16952,3.996686756,4.627858967
45860,0.784616571,"Torrington, CT",NA,NA,NA,NA,NA
45900,0.559299878,"Traverse City, MI",NA,NA,NA,NA,NA
45940,1.666181312,"Trenton-Ewing, NJ","Trenton, NJ (Metropolitan Statistical Area)",29654,79781.96767,4.472083283,4.901904743
45980,-1.137522851,"Troy, AL",NA,NA,NA,NA,NA
46020,0.318014423,"Truckee-Grass Valley, CA",NA,NA,NA,NA,NA
46060,1.485360873,"Tucson, AZ","Tucson, AZ (Metropolitan Statistical Area)",36184,36070.12661,4.558516575,4.557147667
46100,-0.434690516,"Tullahoma-Manchester, TN",NA,NA,NA,NA,NA
46140,1.855754007,"Tulsa, OK","Tulsa, OK (Metropolitan Statistical Area)",57776,59573.88013,4.761747471,4.775055887
46180,0.464559416,"Tupelo, MS",NA,NA,NA,NA,NA
46220,0.265373518,"Tuscaloosa, AL","Tuscaloosa, AL (Metropolitan Statistical Area)",10736,45093.32841,4.030842503,4.654112292
46300,0.196814194,"Twin Falls, ID",NA,NA,NA,NA,NA
46340,0.677649576,"Tyler, TX","Tyler, TX (Metropolitan Statistical Area)",11400,51896.2621,4.056904851,4.715136078
46380,0.163840328,"Ukiah, CA",NA,NA,NA,NA,NA
46460,-0.956967139,"Union City, TN-KY",NA,NA,NA,NA,NA
46500,-1.059931821,"Urbana, OH",NA,NA,NA,NA,NA
46520,1.99693689,"Urban Honolulu, HI","Urban Honolulu, HI (Metropolitan Statistical Area)",58284,58956.93445,4.76554935,4.770534894
46540,0.883246499,"Utica-Rome, NY","Utica-Rome, NY (Metropolitan Statistical Area)",10551,35547.39484,4.023293623,4.550807778
46620,-0.637198471,"Uvalde, TX",NA,NA,NA,NA,NA
46660,0.016508357,"Valdosta, GA","Valdosta, GA (Metropolitan Statistical Area)",4729,32889.38345,3.674769314,4.517055732
46700,0.662126187,"Vallejo-Fairfield, CA","Vallejo-Fairfield, CA (Metropolitan Statistical Area)",18773,43698.68785,4.27353368,4.640468397
46740,-1.350439096,"Valley, AL",NA,NA,NA,NA,NA
46780,-1.086540337,"Van Wert, OH",NA,NA,NA,NA,NA
46820,-1.482672543,"Vermillion, SD",NA,NA,NA,NA,NA
46860,-0.217186753,"Vernal, UT",NA,NA,NA,NA,NA
46900,-1.639327573,"Vernon, TX",NA,NA,NA,NA,NA
46980,-0.576668358,"Vicksburg, MS",NA,NA,NA,NA,NA
47020,0.097902029,"Victoria, TX","Victoria, TX (Metropolitan Statistical Area)",5639,57199.95131,3.751202095,4.757395659
47080,-0.981536418,"Vidalia, GA",NA,NA,NA,NA,NA
47180,-0.662589295,"Vincennes, IN",NA,NA,NA,NA,NA
47220,0.180628,"Vineland-Millville-Bridgeton, NJ","Vineland-Bridgeton, NJ (Metropolitan Statistical Area)",5614,35907.53841,3.749272408,4.555185634
47240,-0.255344773,"Vineyard Haven, MA",NA,NA,NA,NA,NA
47260,1.512647619,"Virginia Beach-Norfolk-Newport News, VA-NC","Virginia Beach-Norfolk-Newport News, VA-NC (Metropolitan Statistical Area)",89871,52336.20586,4.953619574,4.718802235
47300,0.826107734,"Visalia-Porterville, CA","Visalia-Porterville, CA (Metropolitan Statistical Area)",15104,33114.45578,4.179091977,4.520017622
47340,-0.972870541,"Wabash, IN",NA,NA,NA,NA,NA
47380,0.606562277,"Waco, TX","Waco, TX (Metropolitan Statistical Area)",10499,40356.71042,4.021147936,4.605915759
47420,-1.054972691,"Wahpeton, ND-MN",NA,NA,NA,NA,NA
47460,-0.395923275,"Walla Walla, WA","Walla Walla, WA (Metropolitan Statistical Area)",2549,40062.23871,3.406369835,4.602735214
47540,-0.389705813,"Wapakoneta, OH",NA,NA,NA,NA,NA
47580,0.128270244,"Warner Robins, GA","Warner Robins, GA (Metropolitan Statistical Area)",6711,35786.2742,3.826787239,4.553716485
47620,-0.722035431,"Warren, PA",NA,NA,NA,NA,NA
47660,-0.968911701,"Warrensburg, MO",NA,NA,NA,NA,NA
47700,0.195911784,"Warsaw, IN",NA,NA,NA,NA,NA
47780,-0.72341977,"Washington, IN",NA,NA,NA,NA,NA
47820,-0.263810036,"Washington, NC",NA,NA,NA,NA,NA
47900,2.533683612,"Washington-Arlington-Alexandria, DC-VA-MD-WV","Washington-Arlington-Alexandria, DC-VA-MD-WV (Metropolitan Statistical Area)",474375,78789.66452,5.676121793,4.896469251
47920,-0.899913557,"Washington Court House, OH",NA,NA,NA,NA,NA
47940,0.344993087,"Waterloo-Cedar Falls, IA","Waterloo-Cedar Falls, IA (Metropolitan Statistical Area)",9269,54456.25991,3.967032882,4.73604781
47980,-0.68458289,"Watertown, SD",NA,NA,NA,NA,NA
48020,-0.05710326,"Watertown-Fort Atkinson, WI",NA,NA,NA,NA,NA
48060,0.143736273,"Watertown-Fort Drum, NY","Watertown-Fort Drum, NY (Metropolitan Statistical Area)",6415,54032.88299,3.807196661,4.73265814
48100,-1.26953764,"Wauchula, FL",NA,NA,NA,NA,NA
48140,0.568183588,"Wausau, WI","Wausau, WI (Metropolitan Statistical Area)",7288,53750.67299,3.862608364,4.730383906
48180,-0.820743472,"Waycross, GA",NA,NA,NA,NA,NA
48220,-0.882554245,"Weatherford, OK",NA,NA,NA,NA,NA
48260,-0.37800095,"Weirton-Steubenville, WV-OH","Weirton-Steubenville, WV-OH (Metropolitan Statistical Area)",3866,31868.24057,3.58726185,4.503358087
48300,0.016255312,"Wenatchee, WA","Wenatchee, WA (Metropolitan Statistical Area)",4223,36960.21285,3.625621081,4.567734464
48460,-0.081882368,"West Plains, MO",NA,NA,NA,NA,NA
48540,-0.064461273,"Wheeling, WV-OH","Wheeling, WV-OH (Metropolitan Statistical Area)",7244,50027.96981,3.859978442,4.699212879
48580,0.209012782,"Whitewater-Elkhorn, WI",NA,NA,NA,NA,NA
48620,1.264170673,"Wichita, KS","Wichita, KS (Metropolitan Statistical Area)",31063,48491.38604,4.492243397,4.685664598
48660,0.154948934,"Wichita Falls, TX","Wichita Falls, TX (Metropolitan Statistical Area)",6984,45880.35895,3.844104231,4.661626807
48700,0.045630251,"Williamsport, PA","Williamsport, PA (Metropolitan Statistical Area)",4950,42507.51395,3.694605199,4.628465706
48780,-0.12139899,"Williston, ND",NA,NA,NA,NA,NA
48820,-0.443632041,"Willmar, MN",NA,NA,NA,NA,NA
48900,0.894027303,"Wilmington, NC","Wilmington, NC (Metropolitan Statistical Area)",13021,47771.74053,4.114644339,4.679171065
48940,-1.131897539,"Wilmington, OH",NA,NA,NA,NA,NA
48980,-0.127535005,"Wilson, NC",NA,NA,NA,NA,NA
49020,0.043400791,"Winchester, VA-WV","Winchester, VA-WV (Metropolitan Statistical Area)",5872,44034.49569,3.768786047,4.643793027
49080,-0.660468636,"Winnemucca, NV",NA,NA,NA,NA,NA
49100,-0.518082099,"Winona, MN",NA,NA,NA,NA,NA
49180,1.571344483,"Winston-Salem, NC","Winston-Salem, NC (Metropolitan Statistical Area)",27357,41791.67863,4.43706847,4.621089816
49220,-0.338457266,"Wisconsin Rapids-Marshfield, WI",NA,NA,NA,NA,NA
49260,-0.820296683,"Woodward, OK",NA,NA,NA,NA,NA
49300,0.278375664,"Wooster, OH",NA,NA,NA,NA,NA
49340,2.061567151,"Worcester, MA-CT","Worcester, MA-CT (Metropolitan Statistical Area)",37896,40695.08966,4.578593372,4.60954201
49380,-0.979508513,"Worthington, MN",NA,NA,NA,NA,NA
49420,0.585247102,"Yakima, WA","Yakima, WA (Metropolitan Statistical Area)",8807,35630.62607,3.944827996,4.551823453
49460,-1.006927195,"Yankton, SD",NA,NA,NA,NA,NA
49620,1.184142243,"York-Hanover, PA","York-Hanover, PA (Metropolitan Statistical Area)",16746,38008.12547,4.223911087,4.579876451
49660,1.221869676,"Youngstown-Warren-Boardman, OH-PA","Youngstown-Warren-Boardman, OH-PA (Metropolitan Statistical Area)",20897,37760.63548,4.320083943,4.577039295
49700,0.070305408,"Yuba City, CA","Yuba City, CA (Metropolitan Statistical Area)",5488,32471.06714,3.739414103,4.511496562
49740,0.044757711,"Yuma, AZ","Yuma, AZ (Metropolitan Statistical Area)",5583,27487.43298,3.746867628,4.439134183
49780,-0.279985121,"Zanesville, OH",NA,NA,NA,NA,NA
49820,-1.300253452,"Zapata, TX",NA,NA,NA,NA,NA